specimen_id,gm_id,analysis_protocol_id,im_grid_id,im_type,im_observation,censored,subset_id,record_set
S01,ARCDWN,P1,G3fine_r36,SaT1,0.5,False,0,FF22
S01,B-ICC000,P1,G3fine_r36,SaT1,0.2,False,0,FF22
S01,HSP090,P1,G3fine_r36,SaT1,0.2,False,0,FF22
S01,HWA005-V,P1,G3fine_r36,SaT1,0.3,False,0,FF22
S01,HWA015-V,P1,G3fine_r36,SaT1,0.3,False,0,FF22
S01,ORR090,P1,G3fine_r36,SaT1,0.1,False,0,FF22
S01,PEL090,P1,G3fine_r36,SaT1,0.3,False,0,FF22
S01,TCU025-V,P1,G3fine_r36,SaT1,0.9,False,0,FF22
S01,TCU036-N,P1,G3fine_r36,SaT1,0.2,False,0,FF22
S01,YER270,P1,G3fine_r36,SaT1,0.1,False,0,FF22
S02,ARCDWN,P1,G3fine_r36,SaT1,1.2,False,0,FF22
S02,B-ICC000,P1,G3fine_r36,SaT1,0.2,False,0,FF22
S02,HSP090,P1,G3fine_r36,SaT1,0.2,False,0,FF22
S02,HWA005-V,P1,G3fine_r36,SaT1,0.5,False,0,FF22
S02,HWA015-V,P1,G3fine_r36,SaT1,0.4,False,0,FF22
S02,ORR090,P1,G3fine_r36,SaT1,0.1,False,0,FF22
S02,PEL090,P1,G3fine_r36,SaT1,0.4,False,0,FF22
S02,TCU025-V,P1,G3fine_r36,SaT1,0.6,False,0,FF22
S02,TCU036-N,P1,G3fine_r36,SaT1,0.2,False,0,FF22
S02,YER270,P1,G3fine_r36,SaT1,0.1,False,0,FF22
S03,ARCDWN,P1,G3fine_r36,SaT1,1.1,False,0,FF22
S03,B-ICC000,P1,G3fine_r36,SaT1,0.2,False,0,FF22
S03,HSP090,P1,G3fine_r36,SaT1,0.3,False,0,FF22
S03,HWA005-V,P1,G3fine_r36,SaT1,0.3,False,0,FF22
S03,HWA015-V,P1,G3fine_r36,SaT1,0.4,False,0,FF22
S03,ORR090,P1,G3fine_r36,SaT1,0.1,False,0,FF22
S03,PEL090,P1,G3fine_r36,SaT1,0.6,False,0,FF22
S03,TCU025-V,P1,G3fine_r36,SaT1,0.9,False,0,FF22
S03,TCU036-N,P1,G3fine_r36,SaT1,0.2,False,0,FF22
S03,YER270,P1,G3fine_r36,SaT1,0.2,False,0,FF22
S04,ARCDWN,P1,G3fine_r36,SaT1,1.1,False,0,FF22
S04,B-ICC000,P1,G3fine_r36,SaT1,0.2,False,0,FF22
S04,HSP090,P1,G3fine_r36,SaT1,0.1,False,0,FF22
S04,HWA005-V,P1,G3fine_r36,SaT1,0.3,False,0,FF22
S04,HWA015-V,P1,G3fine_r36,SaT1,0.3,False,0,FF22
S04,ORR090,P1,G3fine_r36,SaT1,0.1,False,0,FF22
S04,PEL090,P1,G3fine_r36,SaT1,0.2,False,0,FF22
S04,TCU025-V,P1,G3fine_r36,SaT1,0.7,False,0,FF22
S04,TCU036-N,P1,G3fine_r36,SaT1,0.1,False,0,FF22
S04,YER270,P1,G3fine_r36,SaT1,0.1,False,0,FF22
S05,ARCDWN,P1,G3fine_r36,SaT1,1.0,False,0,FF22
S05,B-ICC000,P1,G3fine_r36,SaT1,0.3,False,0,FF22
S05,HSP090,P1,G3fine_r36,SaT1,0.3,False,0,FF22
S05,HWA005-V,P1,G3fine_r36,SaT1,0.5,False,0,FF22
S05,HWA015-V,P1,G3fine_r36,SaT1,0.6,False,0,FF22
S05,ORR090,P1,G3fine_r36,SaT1,0.2,False,0,FF22
S05,PEL090,P1,G3fine_r36,SaT1,0.7,False,0,FF22
S05,TCU025-V,P1,G3fine_r36,SaT1,1.2,False,0,FF22
S05,TCU036-N,P1,G3fine_r36,SaT1,0.3,False,0,FF22
S05,YER270,P1,G3fine_r36,SaT1,0.2,False,0,FF22
S01,A-ELC180,P1,G3fine_r36,SaT1,0.4,False,0,FFext
S01,A-TMZ270,P1,G3fine_r36,SaT1,0.2,False,0,FFext
S01,EUR000,P1,G3fine_r36,SaT1,0.3,False,0,FFext
S01,H-DLT262,P1,G3fine_r36,SaT1,0.1,False,0,FFext
S01,HWA005-N,P1,G3fine_r36,SaT1,0.2,False,0,FFext
S01,ILA036-V,P1,G3fine_r36,SaT1,0.7,False,0,FFext
S01,NIS090,P1,G3fine_r36,SaT1,0.2,False,0,FFext
S01,PEL090,P1,G3fine_r36,SaT1,0.3,False,0,FFext
S01,PEL180,P1,G3fine_r36,SaT1,0.2,False,0,FFext
S01,TCU039-N,P1,G3fine_r36,SaT1,0.1,False,0,FFext
S02,A-ELC180,P1,G3fine_r36,SaT1,0.5,False,0,FFext
S02,A-TMZ270,P1,G3fine_r36,SaT1,0.2,False,0,FFext
S02,EUR000,P1,G3fine_r36,SaT1,0.4,False,0,FFext
S02,H-DLT262,P1,G3fine_r36,SaT1,0.1,False,0,FFext
S02,HWA005-N,P1,G3fine_r36,SaT1,0.3,False,0,FFext
S02,ILA036-V,P1,G3fine_r36,SaT1,1.2,False,0,FFext
S02,NIS090,P1,G3fine_r36,SaT1,0.2,False,0,FFext
S02,PEL090,P1,G3fine_r36,SaT1,0.4,False,0,FFext
S02,PEL180,P1,G3fine_r36,SaT1,0.6,False,0,FFext
S02,TCU039-N,P1,G3fine_r36,SaT1,0.3,False,0,FFext
S03,A-ELC180,P1,G3fine_r36,SaT1,0.4,False,0,FFext
S03,A-TMZ270,P1,G3fine_r36,SaT1,0.1,False,0,FFext
S03,EUR000,P1,G3fine_r36,SaT1,0.5,False,0,FFext
S03,H-DLT262,P1,G3fine_r36,SaT1,0.2,False,0,FFext
S03,HWA005-N,P1,G3fine_r36,SaT1,0.4,False,0,FFext
S03,ILA036-V,P1,G3fine_r36,SaT1,1.2,True,0,FFext
S03,NIS090,P1,G3fine_r36,SaT1,0.1,False,0,FFext
S03,PEL090,P1,G3fine_r36,SaT1,0.6,False,0,FFext
S03,PEL180,P1,G3fine_r36,SaT1,0.3,False,0,FFext
S03,TCU039-N,P1,G3fine_r36,SaT1,0.2,False,0,FFext
S04,A-ELC180,P1,G3fine_r36,SaT1,0.2,False,0,FFext
S04,A-TMZ270,P1,G3fine_r36,SaT1,0.2,False,0,FFext
S04,EUR000,P1,G3fine_r36,SaT1,0.2,False,0,FFext
S04,H-DLT262,P1,G3fine_r36,SaT1,0.2,False,0,FFext
S04,HWA005-N,P1,G3fine_r36,SaT1,0.2,False,0,FFext
S04,ILA036-V,P1,G3fine_r36,SaT1,0.2,False,0,FFext
S04,NIS090,P1,G3fine_r36,SaT1,0.2,False,0,FFext
S04,PEL090,P1,G3fine_r36,SaT1,0.2,False,0,FFext
S04,PEL180,P1,G3fine_r36,SaT1,0.3,False,0,FFext
S04,TCU039-N,P1,G3fine_r36,SaT1,0.1,False,0,FFext
S05,A-ELC180,P1,G3fine_r36,SaT1,0.3,False,0,FFext
S05,A-TMZ270,P1,G3fine_r36,SaT1,0.1,False,0,FFext
S05,EUR000,P1,G3fine_r36,SaT1,0.4,False,0,FFext
S05,H-DLT262,P1,G3fine_r36,SaT1,0.1,False,0,FFext
S05,HWA005-N,P1,G3fine_r36,SaT1,0.3,False,0,FFext
S05,ILA036-V,P1,G3fine_r36,SaT1,1.2,True,0,FFext
S05,NIS090,P1,G3fine_r36,SaT1,0.1,False,0,FFext
S05,PEL090,P1,G3fine_r36,SaT1,0.7,False,0,FFext
S05,PEL180,P1,G3fine_r36,SaT1,0.3,False,0,FFext
S05,TCU039-N,P1,G3fine_r36,SaT1,0.2,False,0,FFext
S01,NF8201811,P1,G3fine_r36,SaT1,0.1,False,0,NF28
S01,NF8201821,P1,G3fine_r36,SaT1,0.1,False,0,NF28
S01,NF8204952,P1,G3fine_r36,SaT1,0.2,False,0,NF28
S01,NF8207411,P1,G3fine_r36,SaT1,0.2,False,0,NF28
S01,NF8210482,P1,G3fine_r36,SaT1,0.1,False,0,NF28
S01,NF8210861,P1,G3fine_r36,SaT1,0.1,False,0,NF28
S01,NF8211652,P1,G3fine_r36,SaT1,0.2,False,0,NF28
S01,NF8211762,P1,G3fine_r36,SaT1,0.1,False,0,NF28
S01,NF8215031,P1,G3fine_r36,SaT1,0.1,False,0,NF28
S01,NF8215171,P1,G3fine_r36,SaT1,0.1,False,0,NF28
S02,NF8201811,P1,G3fine_r36,SaT1,0.2,False,0,NF28
S02,NF8201821,P1,G3fine_r36,SaT1,0.1,False,0,NF28
S02,NF8204952,P1,G3fine_r36,SaT1,0.1,False,0,NF28
S02,NF8207411,P1,G3fine_r36,SaT1,0.1,False,0,NF28
S02,NF8210482,P1,G3fine_r36,SaT1,0.1,False,0,NF28
S02,NF8210861,P1,G3fine_r36,SaT1,0.1,False,0,NF28
S02,NF8211652,P1,G3fine_r36,SaT1,0.3,False,0,NF28
S02,NF8211762,P1,G3fine_r36,SaT1,0.1,False,0,NF28
S02,NF8215031,P1,G3fine_r36,SaT1,0.1,False,0,NF28
S02,NF8215171,P1,G3fine_r36,SaT1,0.1,False,0,NF28
S03,NF8201811,P1,G3fine_r36,SaT1,0.3,False,0,NF28
S03,NF8201821,P1,G3fine_r36,SaT1,0.1,False,0,NF28
S03,NF8204952,P1,G3fine_r36,SaT1,0.2,False,0,NF28
S03,NF8207411,P1,G3fine_r36,SaT1,0.2,False,0,NF28
S03,NF8210482,P1,G3fine_r36,SaT1,0.2,False,0,NF28
S03,NF8210861,P1,G3fine_r36,SaT1,0.2,False,0,NF28
S03,NF8211652,P1,G3fine_r36,SaT1,0.3,False,0,NF28
S03,NF8211762,P1,G3fine_r36,SaT1,0.2,False,0,NF28
S03,NF8215031,P1,G3fine_r36,SaT1,0.1,False,0,NF28
S03,NF8215171,P1,G3fine_r36,SaT1,0.1,False,0,NF28
S04,NF8201811,P1,G3fine_r36,SaT1,0.1,False,0,NF28
S04,NF8201821,P1,G3fine_r36,SaT1,0.1,False,0,NF28
S04,NF8204952,P1,G3fine_r36,SaT1,0.2,False,0,NF28
S04,NF8207411,P1,G3fine_r36,SaT1,0.1,False,0,NF28
S04,NF8210482,P1,G3fine_r36,SaT1,0.1,False,0,NF28
S04,NF8210861,P1,G3fine_r36,SaT1,0.1,False,0,NF28
S04,NF8211652,P1,G3fine_r36,SaT1,0.2,False,0,NF28
S04,NF8211762,P1,G3fine_r36,SaT1,0.1,False,0,NF28
S04,NF8215031,P1,G3fine_r36,SaT1,0.1,False,0,NF28
S04,NF8215171,P1,G3fine_r36,SaT1,0.1,False,0,NF28
S05,NF8201811,P1,G3fine_r36,SaT1,0.2,False,0,NF28
S05,NF8201821,P1,G3fine_r36,SaT1,0.1,False,0,NF28
S05,NF8204952,P1,G3fine_r36,SaT1,0.2,False,0,NF28
S05,NF8207411,P1,G3fine_r36,SaT1,0.2,False,0,NF28
S05,NF8210482,P1,G3fine_r36,SaT1,0.2,False,0,NF28
S05,NF8210861,P1,G3fine_r36,SaT1,0.2,False,0,NF28
S05,NF8211652,P1,G3fine_r36,SaT1,0.4,False,0,NF28
S05,NF8211762,P1,G3fine_r36,SaT1,0.2,False,0,NF28
S05,NF8215031,P1,G3fine_r36,SaT1,0.1,False,0,NF28
S05,NF8215171,P1,G3fine_r36,SaT1,0.1,False,0,NF28
S01,A-TMZ270,P1,G3fine_r36,SaT1,0.2,False,1,FF22
S01,B-ICC000,P1,G3fine_r36,SaT1,0.2,False,1,FF22
S01,H-DLTDWN,P1,G3fine_r36,SaT1,0.3,False,1,FF22
S01,H-E11230,P1,G3fine_r36,SaT1,0.3,False,1,FF22
S01,HWA005-W,P1,G3fine_r36,SaT1,0.2,False,1,FF22
S01,LOS270,P1,G3fine_r36,SaT1,0.1,False,1,FF22
S01,ORR360,P1,G3fine_r36,SaT1,0.1,False,1,FF22
S01,TCU045-E,P1,G3fine_r36,SaT1,0.2,False,1,FF22
S01,TCU095-N,P1,G3fine_r36,SaT1,0.2,False,1,FF22
S01,TCU110-N,P1,G3fine_r36,SaT1,0.1,False,1,FF22
S02,A-TMZ270,P1,G3fine_r36,SaT1,0.2,False,1,FF22
S02,B-ICC000,P1,G3fine_r36,SaT1,0.2,False,1,FF22
S02,H-DLTDWN,P1,G3fine_r36,SaT1,0.3,False,1,FF22
S02,H-E11230,P1,G3fine_r36,SaT1,0.2,False,1,FF22
S02,HWA005-W,P1,G3fine_r36,SaT1,0.2,False,1,FF22
S02,LOS270,P1,G3fine_r36,SaT1,0.1,False,1,FF22
S02,ORR360,P1,G3fine_r36,SaT1,0.1,False,1,FF22
S02,TCU045-E,P1,G3fine_r36,SaT1,0.3,False,1,FF22
S02,TCU095-N,P1,G3fine_r36,SaT1,0.3,False,1,FF22
S02,TCU110-N,P1,G3fine_r36,SaT1,0.1,False,1,FF22
S03,A-TMZ270,P1,G3fine_r36,SaT1,0.1,False,1,FF22
S03,B-ICC000,P1,G3fine_r36,SaT1,0.2,False,1,FF22
S03,H-DLTDWN,P1,G3fine_r36,SaT1,0.3,False,1,FF22
S03,H-E11230,P1,G3fine_r36,SaT1,0.3,False,1,FF22
S03,HWA005-W,P1,G3fine_r36,SaT1,0.4,False,1,FF22
S03,LOS270,P1,G3fine_r36,SaT1,0.1,False,1,FF22
S03,ORR360,P1,G3fine_r36,SaT1,0.1,False,1,FF22
S03,TCU045-E,P1,G3fine_r36,SaT1,0.2,False,1,FF22
S03,TCU095-N,P1,G3fine_r36,SaT1,0.3,False,1,FF22
S03,TCU110-N,P1,G3fine_r36,SaT1,0.2,False,1,FF22
S04,A-TMZ270,P1,G3fine_r36,SaT1,0.2,False,1,FF22
S04,B-ICC000,P1,G3fine_r36,SaT1,0.2,False,1,FF22
S04,H-DLTDWN,P1,G3fine_r36,SaT1,0.2,False,1,FF22
S04,H-E11230,P1,G3fine_r36,SaT1,0.2,False,1,FF22
S04,HWA005-W,P1,G3fine_r36,SaT1,0.2,False,1,FF22
S04,LOS270,P1,G3fine_r36,SaT1,0.1,False,1,FF22
S04,ORR360,P1,G3fine_r36,SaT1,0.1,False,1,FF22
S04,TCU045-E,P1,G3fine_r36,SaT1,0.1,False,1,FF22
S04,TCU095-N,P1,G3fine_r36,SaT1,0.2,False,1,FF22
S04,TCU110-N,P1,G3fine_r36,SaT1,0.1,False,1,FF22
S05,A-TMZ270,P1,G3fine_r36,SaT1,0.1,False,1,FF22
S05,B-ICC000,P1,G3fine_r36,SaT1,0.3,False,1,FF22
S05,H-DLTDWN,P1,G3fine_r36,SaT1,0.7,False,1,FF22
S05,H-E11230,P1,G3fine_r36,SaT1,0.4,False,1,FF22
S05,HWA005-W,P1,G3fine_r36,SaT1,0.4,False,1,FF22
S05,LOS270,P1,G3fine_r36,SaT1,0.1,False,1,FF22
S05,ORR360,P1,G3fine_r36,SaT1,0.1,False,1,FF22
S05,TCU045-E,P1,G3fine_r36,SaT1,0.2,False,1,FF22
S05,TCU095-N,P1,G3fine_r36,SaT1,0.3,False,1,FF22
S05,TCU110-N,P1,G3fine_r36,SaT1,0.2,False,1,FF22
S01,184327,P1,G3fine_r36,SaT1,0.1,False,1,FFext
S01,21081360,P1,G3fine_r36,SaT1,0.2,False,1,FFext
S01,H-DLT262,P1,G3fine_r36,SaT1,0.1,False,1,FFext
S01,HWA005-V,P1,G3fine_r36,SaT1,0.3,False,1,FFext
S01,JOS000,P1,G3fine_r36,SaT1,0.1,False,1,FFext
S01,JOS090,P1,G3fine_r36,SaT1,0.1,False,1,FFext
S01,STM090,P1,G3fine_r36,SaT1,0.2,False,1,FFext
S01,STM360,P1,G3fine_r36,SaT1,0.3,False,1,FFext
S01,TAP100-E,P1,G3fine_r36,SaT1,0.2,False,1,FFext
S01,TCU025-E,P1,G3fine_r36,SaT1,0.5,False,1,FFext
S02,184327,P1,G3fine_r36,SaT1,0.2,False,1,FFext
S02,21081360,P1,G3fine_r36,SaT1,0.3,False,1,FFext
S02,H-DLT262,P1,G3fine_r36,SaT1,0.1,False,1,FFext
S02,HWA005-V,P1,G3fine_r36,SaT1,0.5,False,1,FFext
S02,JOS000,P1,G3fine_r36,SaT1,0.1,False,1,FFext
S02,JOS090,P1,G3fine_r36,SaT1,0.1,False,1,FFext
S02,STM090,P1,G3fine_r36,SaT1,0.2,False,1,FFext
S02,STM360,P1,G3fine_r36,SaT1,0.2,False,1,FFext
S02,TAP100-E,P1,G3fine_r36,SaT1,0.2,False,1,FFext
S02,TCU025-E,P1,G3fine_r36,SaT1,0.3,False,1,FFext
S03,184327,P1,G3fine_r36,SaT1,0.2,False,1,FFext
S03,21081360,P1,G3fine_r36,SaT1,0.3,False,1,FFext
S03,H-DLT262,P1,G3fine_r36,SaT1,0.2,False,1,FFext
S03,HWA005-V,P1,G3fine_r36,SaT1,0.3,False,1,FFext
S03,JOS000,P1,G3fine_r36,SaT1,0.1,False,1,FFext
S03,JOS090,P1,G3fine_r36,SaT1,0.1,False,1,FFext
S03,STM090,P1,G3fine_r36,SaT1,0.2,False,1,FFext
S03,STM360,P1,G3fine_r36,SaT1,0.2,False,1,FFext
S03,TAP100-E,P1,G3fine_r36,SaT1,0.4,False,1,FFext
S03,TCU025-E,P1,G3fine_r36,SaT1,0.6,False,1,FFext
S04,184327,P1,G3fine_r36,SaT1,0.2,False,1,FFext
S04,21081360,P1,G3fine_r36,SaT1,0.3,False,1,FFext
S04,H-DLT262,P1,G3fine_r36,SaT1,0.2,False,1,FFext
S04,HWA005-V,P1,G3fine_r36,SaT1,0.3,False,1,FFext
S04,JOS000,P1,G3fine_r36,SaT1,0.1,False,1,FFext
S04,JOS090,P1,G3fine_r36,SaT1,0.1,False,1,FFext
S04,STM090,P1,G3fine_r36,SaT1,0.1,False,1,FFext
S04,STM360,P1,G3fine_r36,SaT1,0.1,False,1,FFext
S04,TAP100-E,P1,G3fine_r36,SaT1,0.2,False,1,FFext
S04,TCU025-E,P1,G3fine_r36,SaT1,0.4,False,1,FFext
S05,184327,P1,G3fine_r36,SaT1,0.2,False,1,FFext
S05,21081360,P1,G3fine_r36,SaT1,0.3,False,1,FFext
S05,H-DLT262,P1,G3fine_r36,SaT1,0.1,False,1,FFext
S05,HWA005-V,P1,G3fine_r36,SaT1,0.5,False,1,FFext
S05,JOS000,P1,G3fine_r36,SaT1,0.2,False,1,FFext
S05,JOS090,P1,G3fine_r36,SaT1,0.1,False,1,FFext
S05,STM090,P1,G3fine_r36,SaT1,0.2,False,1,FFext
S05,STM360,P1,G3fine_r36,SaT1,0.2,False,1,FFext
S05,TAP100-E,P1,G3fine_r36,SaT1,0.5,False,1,FFext
S05,TCU025-E,P1,G3fine_r36,SaT1,0.8,False,1,FFext
S01,NF8201601,P1,G3fine_r36,SaT1,0.1,False,1,NF28
S01,NF8201811,P1,G3fine_r36,SaT1,0.1,False,1,NF28
S01,NF8204961,P1,G3fine_r36,SaT1,0.3,False,1,NF28
S01,NF8208252,P1,G3fine_r36,SaT1,0.1,False,1,NF28
S01,NF8210631,P1,G3fine_r36,SaT1,0.1,False,1,NF28
S01,NF8210861,P1,G3fine_r36,SaT1,0.1,False,1,NF28
S01,NF8211762,P1,G3fine_r36,SaT1,0.1,False,1,NF28
S01,NF8215041,P1,G3fine_r36,SaT1,0.1,False,1,NF28
S01,NF8216052,P1,G3fine_r36,SaT1,0.1,False,1,NF28
S01,NF8221141,P1,G3fine_r36,SaT1,0.1,False,1,NF28
S02,NF8201601,P1,G3fine_r36,SaT1,0.1,False,1,NF28
S02,NF8201811,P1,G3fine_r36,SaT1,0.2,False,1,NF28
S02,NF8204961,P1,G3fine_r36,SaT1,0.3,False,1,NF28
S02,NF8208252,P1,G3fine_r36,SaT1,0.1,False,1,NF28
S02,NF8210631,P1,G3fine_r36,SaT1,0.1,False,1,NF28
S02,NF8210861,P1,G3fine_r36,SaT1,0.1,False,1,NF28
S02,NF8211762,P1,G3fine_r36,SaT1,0.1,False,1,NF28
S02,NF8215041,P1,G3fine_r36,SaT1,0.1,False,1,NF28
S02,NF8216052,P1,G3fine_r36,SaT1,0.1,False,1,NF28
S02,NF8221141,P1,G3fine_r36,SaT1,0.2,False,1,NF28
S03,NF8201601,P1,G3fine_r36,SaT1,0.1,False,1,NF28
S03,NF8201811,P1,G3fine_r36,SaT1,0.3,False,1,NF28
S03,NF8204961,P1,G3fine_r36,SaT1,0.2,False,1,NF28
S03,NF8208252,P1,G3fine_r36,SaT1,0.1,False,1,NF28
S03,NF8210631,P1,G3fine_r36,SaT1,0.1,False,1,NF28
S03,NF8210861,P1,G3fine_r36,SaT1,0.2,False,1,NF28
S03,NF8211762,P1,G3fine_r36,SaT1,0.2,False,1,NF28
S03,NF8215041,P1,G3fine_r36,SaT1,0.1,False,1,NF28
S03,NF8216052,P1,G3fine_r36,SaT1,0.1,False,1,NF28
S03,NF8221141,P1,G3fine_r36,SaT1,0.2,False,1,NF28
S04,NF8201601,P1,G3fine_r36,SaT1,0.1,False,1,NF28
S04,NF8201811,P1,G3fine_r36,SaT1,0.1,False,1,NF28
S04,NF8204961,P1,G3fine_r36,SaT1,0.2,False,1,NF28
S04,NF8208252,P1,G3fine_r36,SaT1,0.1,False,1,NF28
S04,NF8210631,P1,G3fine_r36,SaT1,0.1,False,1,NF28
S04,NF8210861,P1,G3fine_r36,SaT1,0.1,False,1,NF28
S04,NF8211762,P1,G3fine_r36,SaT1,0.1,False,1,NF28
S04,NF8215041,P1,G3fine_r36,SaT1,0.1,False,1,NF28
S04,NF8216052,P1,G3fine_r36,SaT1,0.1,False,1,NF28
S04,NF8221141,P1,G3fine_r36,SaT1,0.1,False,1,NF28
S05,NF8201601,P1,G3fine_r36,SaT1,0.1,False,1,NF28
S05,NF8201811,P1,G3fine_r36,SaT1,0.2,False,1,NF28
S05,NF8204961,P1,G3fine_r36,SaT1,0.2,False,1,NF28
S05,NF8208252,P1,G3fine_r36,SaT1,0.1,False,1,NF28
S05,NF8210631,P1,G3fine_r36,SaT1,0.1,False,1,NF28
S05,NF8210861,P1,G3fine_r36,SaT1,0.2,False,1,NF28
S05,NF8211762,P1,G3fine_r36,SaT1,0.2,False,1,NF28
S05,NF8215041,P1,G3fine_r36,SaT1,0.1,False,1,NF28
S05,NF8216052,P1,G3fine_r36,SaT1,0.1,False,1,NF28
S05,NF8221141,P1,G3fine_r36,SaT1,0.2,False,1,NF28
S01,B-POE270,P1,G3fine_r36,SaT1,0.1,False,2,FF22
S01,CHY059-N,P1,G3fine_r36,SaT1,0.3,False,2,FF22
S01,CHY101-E,P1,G3fine_r36,SaT1,0.1,False,2,FF22
S01,FOR090,P1,G3fine_r36,SaT1,0.2,False,2,FF22
S01,G03090,P1,G3fine_r36,SaT1,0.2,False,2,FF22
S01,HECVER,P1,G3fine_r36,SaT1,0.2,False,2,FF22
S01,HWA055-V,P1,G3fine_r36,SaT1,0.2,False,2,FF22
S01,LOS000,P1,G3fine_r36,SaT1,0.2,False,2,FF22
S01,MUL009,P1,G3fine_r36,SaT1,0.1,False,2,FF22
S01,TCU110-V,P1,G3fine_r36,SaT1,0.2,False,2,FF22
S02,B-POE270,P1,G3fine_r36,SaT1,0.1,False,2,FF22
S02,CHY059-N,P1,G3fine_r36,SaT1,0.3,False,2,FF22
S02,CHY101-E,P1,G3fine_r36,SaT1,0.1,False,2,FF22
S02,FOR090,P1,G3fine_r36,SaT1,0.3,False,2,FF22
S02,G03090,P1,G3fine_r36,SaT1,0.2,False,2,FF22
S02,HECVER,P1,G3fine_r36,SaT1,0.3,False,2,FF22
S02,HWA055-V,P1,G3fine_r36,SaT1,0.2,False,2,FF22
S02,LOS000,P1,G3fine_r36,SaT1,0.2,False,2,FF22
S02,MUL009,P1,G3fine_r36,SaT1,0.1,False,2,FF22
S02,TCU110-V,P1,G3fine_r36,SaT1,0.4,False,2,FF22
S03,B-POE270,P1,G3fine_r36,SaT1,0.2,False,2,FF22
S03,CHY059-N,P1,G3fine_r36,SaT1,0.4,False,2,FF22
S03,CHY101-E,P1,G3fine_r36,SaT1,0.1,False,2,FF22
S03,FOR090,P1,G3fine_r36,SaT1,0.4,False,2,FF22
S03,G03090,P1,G3fine_r36,SaT1,0.2,False,2,FF22
S03,HECVER,P1,G3fine_r36,SaT1,0.5,False,2,FF22
S03,HWA055-V,P1,G3fine_r36,SaT1,0.3,False,2,FF22
S03,LOS000,P1,G3fine_r36,SaT1,0.2,False,2,FF22
S03,MUL009,P1,G3fine_r36,SaT1,0.2,False,2,FF22
S03,TCU110-V,P1,G3fine_r36,SaT1,0.3,False,2,FF22
S04,B-POE270,P1,G3fine_r36,SaT1,0.1,False,2,FF22
S04,CHY059-N,P1,G3fine_r36,SaT1,0.3,False,2,FF22
S04,CHY101-E,P1,G3fine_r36,SaT1,0.1,False,2,FF22
S04,FOR090,P1,G3fine_r36,SaT1,0.1,False,2,FF22
S04,G03090,P1,G3fine_r36,SaT1,0.1,False,2,FF22
S04,HECVER,P1,G3fine_r36,SaT1,0.4,False,2,FF22
S04,HWA055-V,P1,G3fine_r36,SaT1,0.2,False,2,FF22
S04,LOS000,P1,G3fine_r36,SaT1,0.2,False,2,FF22
S04,MUL009,P1,G3fine_r36,SaT1,0.1,False,2,FF22
S04,TCU110-V,P1,G3fine_r36,SaT1,0.2,False,2,FF22
S05,B-POE270,P1,G3fine_r36,SaT1,0.2,False,2,FF22
S05,CHY059-N,P1,G3fine_r36,SaT1,0.6,False,2,FF22
S05,CHY101-E,P1,G3fine_r36,SaT1,0.2,False,2,FF22
S05,FOR090,P1,G3fine_r36,SaT1,0.6,False,2,FF22
S05,G03090,P1,G3fine_r36,SaT1,0.3,False,2,FF22
S05,HECVER,P1,G3fine_r36,SaT1,0.5,False,2,FF22
S05,HWA055-V,P1,G3fine_r36,SaT1,0.4,False,2,FF22
S05,LOS000,P1,G3fine_r36,SaT1,0.2,False,2,FF22
S05,MUL009,P1,G3fine_r36,SaT1,0.2,False,2,FF22
S05,TCU110-V,P1,G3fine_r36,SaT1,0.4,False,2,FF22
S01,B-ICC000,P1,G3fine_r36,SaT1,0.2,False,2,FFext
S01,B-WSM180,P1,G3fine_r36,SaT1,0.1,False,2,FFext
S01,CHY059-E,P1,G3fine_r36,SaT1,0.3,False,2,FFext
S01,CHY101-V,P1,G3fine_r36,SaT1,0.2,False,2,FFext
S01,TCU045-V,P1,G3fine_r36,SaT1,0.2,False,2,FFext
S01,TCU059-V,P1,G3fine_r36,SaT1,0.2,False,2,FFext
S01,TCU095-N,P1,G3fine_r36,SaT1,0.2,False,2,FFext
S01,TCU128-E,P1,G3fine_r36,SaT1,0.2,False,2,FFext
S01,WGK-N,P1,G3fine_r36,SaT1,0.1,False,2,FFext
S01,YER270,P1,G3fine_r36,SaT1,0.1,False,2,FFext
S02,B-ICC000,P1,G3fine_r36,SaT1,0.2,False,2,FFext
S02,B-WSM180,P1,G3fine_r36,SaT1,0.1,False,2,FFext
S02,CHY059-E,P1,G3fine_r36,SaT1,0.3,False,2,FFext
S02,CHY101-V,P1,G3fine_r36,SaT1,0.2,False,2,FFext
S02,TCU045-V,P1,G3fine_r36,SaT1,0.3,False,2,FFext
S02,TCU059-V,P1,G3fine_r36,SaT1,0.3,False,2,FFext
S02,TCU095-N,P1,G3fine_r36,SaT1,0.3,False,2,FFext
S02,TCU128-E,P1,G3fine_r36,SaT1,0.2,False,2,FFext
S02,WGK-N,P1,G3fine_r36,SaT1,0.1,False,2,FFext
S02,YER270,P1,G3fine_r36,SaT1,0.1,False,2,FFext
S03,B-ICC000,P1,G3fine_r36,SaT1,0.2,False,2,FFext
S03,B-WSM180,P1,G3fine_r36,SaT1,0.1,False,2,FFext
S03,CHY059-E,P1,G3fine_r36,SaT1,0.6,False,2,FFext
S03,CHY101-V,P1,G3fine_r36,SaT1,0.5,False,2,FFext
S03,TCU045-V,P1,G3fine_r36,SaT1,0.4,False,2,FFext
S03,TCU059-V,P1,G3fine_r36,SaT1,0.4,False,2,FFext
S03,TCU095-N,P1,G3fine_r36,SaT1,0.3,False,2,FFext
S03,TCU128-E,P1,G3fine_r36,SaT1,0.5,False,2,FFext
S03,WGK-N,P1,G3fine_r36,SaT1,0.2,False,2,FFext
S03,YER270,P1,G3fine_r36,SaT1,0.2,False,2,FFext
S04,B-ICC000,P1,G3fine_r36,SaT1,0.2,False,2,FFext
S04,B-WSM180,P1,G3fine_r36,SaT1,0.1,False,2,FFext
S04,CHY059-E,P1,G3fine_r36,SaT1,0.2,False,2,FFext
S04,CHY101-V,P1,G3fine_r36,SaT1,0.2,False,2,FFext
S04,TCU045-V,P1,G3fine_r36,SaT1,0.2,False,2,FFext
S04,TCU059-V,P1,G3fine_r36,SaT1,0.2,False,2,FFext
S04,TCU095-N,P1,G3fine_r36,SaT1,0.2,False,2,FFext
S04,TCU128-E,P1,G3fine_r36,SaT1,0.1,False,2,FFext
S04,WGK-N,P1,G3fine_r36,SaT1,0.1,False,2,FFext
S04,YER270,P1,G3fine_r36,SaT1,0.1,False,2,FFext
S05,B-ICC000,P1,G3fine_r36,SaT1,0.3,False,2,FFext
S05,B-WSM180,P1,G3fine_r36,SaT1,0.2,False,2,FFext
S05,CHY059-E,P1,G3fine_r36,SaT1,0.6,False,2,FFext
S05,CHY101-V,P1,G3fine_r36,SaT1,0.5,False,2,FFext
S05,TCU045-V,P1,G3fine_r36,SaT1,0.5,False,2,FFext
S05,TCU059-V,P1,G3fine_r36,SaT1,0.3,False,2,FFext
S05,TCU095-N,P1,G3fine_r36,SaT1,0.3,False,2,FFext
S05,TCU128-E,P1,G3fine_r36,SaT1,0.7,False,2,FFext
S05,WGK-N,P1,G3fine_r36,SaT1,0.1,False,2,FFext
S05,YER270,P1,G3fine_r36,SaT1,0.2,False,2,FFext
S01,NF8201262,P1,G3fine_r36,SaT1,0.1,False,2,NF28
S01,NF8201811,P1,G3fine_r36,SaT1,0.1,False,2,NF28
S01,NF8201821,P1,G3fine_r36,SaT1,0.1,False,2,NF28
S01,NF8207411,P1,G3fine_r36,SaT1,0.2,False,2,NF28
S01,NF8207532,P1,G3fine_r36,SaT1,0.1,False,2,NF28
S01,NF8208022,P1,G3fine_r36,SaT1,0.2,False,2,NF28
S01,NF8211652,P1,G3fine_r36,SaT1,0.2,False,2,NF28
S01,NF8215031,P1,G3fine_r36,SaT1,0.1,False,2,NF28
S01,NF8215291,P1,G3fine_r36,SaT1,0.2,False,2,NF28
S01,NF8221141,P1,G3fine_r36,SaT1,0.1,False,2,NF28
S02,NF8201262,P1,G3fine_r36,SaT1,0.1,False,2,NF28
S02,NF8201811,P1,G3fine_r36,SaT1,0.2,False,2,NF28
S02,NF8201821,P1,G3fine_r36,SaT1,0.1,False,2,NF28
S02,NF8207411,P1,G3fine_r36,SaT1,0.1,False,2,NF28
S02,NF8207532,P1,G3fine_r36,SaT1,0.1,False,2,NF28
S02,NF8208022,P1,G3fine_r36,SaT1,0.2,False,2,NF28
S02,NF8211652,P1,G3fine_r36,SaT1,0.3,False,2,NF28
S02,NF8215031,P1,G3fine_r36,SaT1,0.1,False,2,NF28
S02,NF8215291,P1,G3fine_r36,SaT1,0.1,False,2,NF28
S02,NF8221141,P1,G3fine_r36,SaT1,0.2,False,2,NF28
S03,NF8201262,P1,G3fine_r36,SaT1,0.2,False,2,NF28
S03,NF8201811,P1,G3fine_r36,SaT1,0.3,False,2,NF28
S03,NF8201821,P1,G3fine_r36,SaT1,0.1,False,2,NF28
S03,NF8207411,P1,G3fine_r36,SaT1,0.2,False,2,NF28
S03,NF8207532,P1,G3fine_r36,SaT1,0.2,False,2,NF28
S03,NF8208022,P1,G3fine_r36,SaT1,0.2,False,2,NF28
S03,NF8211652,P1,G3fine_r36,SaT1,0.3,False,2,NF28
S03,NF8215031,P1,G3fine_r36,SaT1,0.1,False,2,NF28
S03,NF8215291,P1,G3fine_r36,SaT1,0.1,False,2,NF28
S03,NF8221141,P1,G3fine_r36,SaT1,0.2,False,2,NF28
S04,NF8201262,P1,G3fine_r36,SaT1,0.1,False,2,NF28
S04,NF8201811,P1,G3fine_r36,SaT1,0.1,False,2,NF28
S04,NF8201821,P1,G3fine_r36,SaT1,0.1,False,2,NF28
S04,NF8207411,P1,G3fine_r36,SaT1,0.1,False,2,NF28
S04,NF8207532,P1,G3fine_r36,SaT1,0.1,False,2,NF28
S04,NF8208022,P1,G3fine_r36,SaT1,0.1,False,2,NF28
S04,NF8211652,P1,G3fine_r36,SaT1,0.2,False,2,NF28
S04,NF8215031,P1,G3fine_r36,SaT1,0.1,False,2,NF28
S04,NF8215291,P1,G3fine_r36,SaT1,0.1,False,2,NF28
S04,NF8221141,P1,G3fine_r36,SaT1,0.1,False,2,NF28
S05,NF8201262,P1,G3fine_r36,SaT1,0.2,False,2,NF28
S05,NF8201811,P1,G3fine_r36,SaT1,0.2,False,2,NF28
S05,NF8201821,P1,G3fine_r36,SaT1,0.1,False,2,NF28
S05,NF8207411,P1,G3fine_r36,SaT1,0.2,False,2,NF28
S05,NF8207532,P1,G3fine_r36,SaT1,0.2,False,2,NF28
S05,NF8208022,P1,G3fine_r36,SaT1,0.3,False,2,NF28
S05,NF8211652,P1,G3fine_r36,SaT1,0.4,False,2,NF28
S05,NF8215031,P1,G3fine_r36,SaT1,0.1,False,2,NF28
S05,NF8215291,P1,G3fine_r36,SaT1,0.2,False,2,NF28
S05,NF8221141,P1,G3fine_r36,SaT1,0.2,False,2,NF28
S01,184327,P1,G3fine_r36,SaT1,0.1,False,3,FF22
S01,CLW-LN,P1,G3fine_r36,SaT1,0.2,False,3,FF22
S01,HWA015-N,P1,G3fine_r36,SaT1,0.2,False,3,FF22
S01,LOS000,P1,G3fine_r36,SaT1,0.2,False,3,FF22
S01,MUL279,P1,G3fine_r36,SaT1,0.1,False,3,FF22
S01,NIS000,P1,G3fine_r36,SaT1,0.1,False,3,FF22
S01,NIS090,P1,G3fine_r36,SaT1,0.2,False,3,FF22
S01,PEL180,P1,G3fine_r36,SaT1,0.2,False,3,FF22
S01,TCU059-E,P1,G3fine_r36,SaT1,0.1,False,3,FF22
S01,TCU117-N,P1,G3fine_r36,SaT1,0.2,False,3,FF22
S02,184327,P1,G3fine_r36,SaT1,0.2,False,3,FF22
S02,CLW-LN,P1,G3fine_r36,SaT1,0.2,False,3,FF22
S02,HWA015-N,P1,G3fine_r36,SaT1,0.4,False,3,FF22
S02,LOS000,P1,G3fine_r36,SaT1,0.2,False,3,FF22
S02,MUL279,P1,G3fine_r36,SaT1,0.1,False,3,FF22
S02,NIS000,P1,G3fine_r36,SaT1,0.2,False,3,FF22
S02,NIS090,P1,G3fine_r36,SaT1,0.2,False,3,FF22
S02,PEL180,P1,G3fine_r36,SaT1,0.6,False,3,FF22
S02,TCU059-E,P1,G3fine_r36,SaT1,0.3,False,3,FF22
S02,TCU117-N,P1,G3fine_r36,SaT1,0.2,False,3,FF22
S03,184327,P1,G3fine_r36,SaT1,0.2,False,3,FF22
S03,CLW-LN,P1,G3fine_r36,SaT1,0.2,False,3,FF22
S03,HWA015-N,P1,G3fine_r36,SaT1,0.5,False,3,FF22
S03,LOS000,P1,G3fine_r36,SaT1,0.2,False,3,FF22
S03,MUL279,P1,G3fine_r36,SaT1,0.1,False,3,FF22
S03,NIS000,P1,G3fine_r36,SaT1,0.1,False,3,FF22
S03,NIS090,P1,G3fine_r36,SaT1,0.1,False,3,FF22
S03,PEL180,P1,G3fine_r36,SaT1,0.3,False,3,FF22
S03,TCU059-E,P1,G3fine_r36,SaT1,0.1,False,3,FF22
S03,TCU117-N,P1,G3fine_r36,SaT1,0.2,False,3,FF22
S04,184327,P1,G3fine_r36,SaT1,0.2,False,3,FF22
S04,CLW-LN,P1,G3fine_r36,SaT1,0.2,False,3,FF22
S04,HWA015-N,P1,G3fine_r36,SaT1,0.2,False,3,FF22
S04,LOS000,P1,G3fine_r36,SaT1,0.2,False,3,FF22
S04,MUL279,P1,G3fine_r36,SaT1,0.1,False,3,FF22
S04,NIS000,P1,G3fine_r36,SaT1,0.2,False,3,FF22
S04,NIS090,P1,G3fine_r36,SaT1,0.2,False,3,FF22
S04,PEL180,P1,G3fine_r36,SaT1,0.3,False,3,FF22
S04,TCU059-E,P1,G3fine_r36,SaT1,0.1,False,3,FF22
S04,TCU117-N,P1,G3fine_r36,SaT1,0.1,False,3,FF22
S05,184327,P1,G3fine_r36,SaT1,0.2,False,3,FF22
S05,CLW-LN,P1,G3fine_r36,SaT1,0.2,False,3,FF22
S05,HWA015-N,P1,G3fine_r36,SaT1,0.3,False,3,FF22
S05,LOS000,P1,G3fine_r36,SaT1,0.2,False,3,FF22
S05,MUL279,P1,G3fine_r36,SaT1,0.1,False,3,FF22
S05,NIS000,P1,G3fine_r36,SaT1,0.2,False,3,FF22
S05,NIS090,P1,G3fine_r36,SaT1,0.1,False,3,FF22
S05,PEL180,P1,G3fine_r36,SaT1,0.3,False,3,FF22
S05,TCU059-E,P1,G3fine_r36,SaT1,0.2,False,3,FF22
S05,TCU117-N,P1,G3fine_r36,SaT1,0.2,False,3,FF22
S01,ARCDWN,P1,G3fine_r36,SaT1,0.5,False,3,FFext
S01,B-WSM180,P1,G3fine_r36,SaT1,0.1,False,3,FFext
S01,CHY006-W,P1,G3fine_r36,SaT1,0.1,False,3,FFext
S01,CHY104-W,P1,G3fine_r36,SaT1,0.2,False,3,FFext
S01,G03000,P1,G3fine_r36,SaT1,0.1,False,3,FFext
S01,HECVER,P1,G3fine_r36,SaT1,0.2,False,3,FFext
S01,TAP100-V,P1,G3fine_r36,SaT1,1.0,False,3,FFext
S01,TCU059-E,P1,G3fine_r36,SaT1,0.1,False,3,FFext
S01,TCU070-E,P1,G3fine_r36,SaT1,0.1,False,3,FFext
S01,TCU109-E,P1,G3fine_r36,SaT1,0.1,False,3,FFext
S02,ARCDWN,P1,G3fine_r36,SaT1,1.2,False,3,FFext
S02,B-WSM180,P1,G3fine_r36,SaT1,0.1,False,3,FFext
S02,CHY006-W,P1,G3fine_r36,SaT1,0.1,False,3,FFext
S02,CHY104-W,P1,G3fine_r36,SaT1,0.1,False,3,FFext
S02,G03000,P1,G3fine_r36,SaT1,0.2,False,3,FFext
S02,HECVER,P1,G3fine_r36,SaT1,0.3,False,3,FFext
S02,TAP100-V,P1,G3fine_r36,SaT1,1.0,False,3,FFext
S02,TCU059-E,P1,G3fine_r36,SaT1,0.3,False,3,FFext
S02,TCU070-E,P1,G3fine_r36,SaT1,0.1,False,3,FFext
S02,TCU109-E,P1,G3fine_r36,SaT1,0.1,False,3,FFext
S03,ARCDWN,P1,G3fine_r36,SaT1,1.1,False,3,FFext
S03,B-WSM180,P1,G3fine_r36,SaT1,0.1,False,3,FFext
S03,CHY006-W,P1,G3fine_r36,SaT1,0.1,False,3,FFext
S03,CHY104-W,P1,G3fine_r36,SaT1,0.2,False,3,FFext
S03,G03000,P1,G3fine_r36,SaT1,0.2,False,3,FFext
S03,HECVER,P1,G3fine_r36,SaT1,0.5,False,3,FFext
S03,TAP100-V,P1,G3fine_r36,SaT1,0.9,False,3,FFext
S03,TCU059-E,P1,G3fine_r36,SaT1,0.1,False,3,FFext
S03,TCU070-E,P1,G3fine_r36,SaT1,0.1,False,3,FFext
S03,TCU109-E,P1,G3fine_r36,SaT1,0.2,False,3,FFext
S04,ARCDWN,P1,G3fine_r36,SaT1,1.1,False,3,FFext
S04,B-WSM180,P1,G3fine_r36,SaT1,0.1,False,3,FFext
S04,CHY006-W,P1,G3fine_r36,SaT1,0.1,False,3,FFext
S04,CHY104-W,P1,G3fine_r36,SaT1,0.1,False,3,FFext
S04,G03000,P1,G3fine_r36,SaT1,0.2,False,3,FFext
S04,HECVER,P1,G3fine_r36,SaT1,0.4,False,3,FFext
S04,TAP100-V,P1,G3fine_r36,SaT1,0.6,False,3,FFext
S04,TCU059-E,P1,G3fine_r36,SaT1,0.1,False,3,FFext
S04,TCU070-E,P1,G3fine_r36,SaT1,0.1,False,3,FFext
S04,TCU109-E,P1,G3fine_r36,SaT1,0.1,False,3,FFext
S05,ARCDWN,P1,G3fine_r36,SaT1,1.0,False,3,FFext
S05,B-WSM180,P1,G3fine_r36,SaT1,0.2,False,3,FFext
S05,CHY006-W,P1,G3fine_r36,SaT1,0.1,False,3,FFext
S05,CHY104-W,P1,G3fine_r36,SaT1,0.2,False,3,FFext
S05,G03000,P1,G3fine_r36,SaT1,0.2,False,3,FFext
S05,HECVER,P1,G3fine_r36,SaT1,0.5,False,3,FFext
S05,TAP100-V,P1,G3fine_r36,SaT1,1.2,True,3,FFext
S05,TCU059-E,P1,G3fine_r36,SaT1,0.2,False,3,FFext
S05,TCU070-E,P1,G3fine_r36,SaT1,0.1,False,3,FFext
S05,TCU109-E,P1,G3fine_r36,SaT1,0.1,False,3,FFext
S01,NF8201811,P1,G3fine_r36,SaT1,0.1,False,3,NF28
S01,NF8204952,P1,G3fine_r36,SaT1,0.2,False,3,NF28
S01,NF8210041,P1,G3fine_r36,SaT1,0.1,False,3,NF28
S01,NF8210631,P1,G3fine_r36,SaT1,0.1,False,3,NF28
S01,NF8211652,P1,G3fine_r36,SaT1,0.2,False,3,NF28
S01,NF8215031,P1,G3fine_r36,SaT1,0.1,False,3,NF28
S01,NF8215041,P1,G3fine_r36,SaT1,0.1,False,3,NF28
S01,NF8215171,P1,G3fine_r36,SaT1,0.1,False,3,NF28
S01,NF8216052,P1,G3fine_r36,SaT1,0.1,False,3,NF28
S01,NF8221141,P1,G3fine_r36,SaT1,0.1,False,3,NF28
S02,NF8201811,P1,G3fine_r36,SaT1,0.2,False,3,NF28
S02,NF8204952,P1,G3fine_r36,SaT1,0.1,False,3,NF28
S02,NF8210041,P1,G3fine_r36,SaT1,0.1,False,3,NF28
S02,NF8210631,P1,G3fine_r36,SaT1,0.1,False,3,NF28
S02,NF8211652,P1,G3fine_r36,SaT1,0.3,False,3,NF28
S02,NF8215031,P1,G3fine_r36,SaT1,0.1,False,3,NF28
S02,NF8215041,P1,G3fine_r36,SaT1,0.1,False,3,NF28
S02,NF8215171,P1,G3fine_r36,SaT1,0.1,False,3,NF28
S02,NF8216052,P1,G3fine_r36,SaT1,0.1,False,3,NF28
S02,NF8221141,P1,G3fine_r36,SaT1,0.2,False,3,NF28
S03,NF8201811,P1,G3fine_r36,SaT1,0.3,False,3,NF28
S03,NF8204952,P1,G3fine_r36,SaT1,0.2,False,3,NF28
S03,NF8210041,P1,G3fine_r36,SaT1,0.1,False,3,NF28
S03,NF8210631,P1,G3fine_r36,SaT1,0.1,False,3,NF28
S03,NF8211652,P1,G3fine_r36,SaT1,0.3,False,3,NF28
S03,NF8215031,P1,G3fine_r36,SaT1,0.1,False,3,NF28
S03,NF8215041,P1,G3fine_r36,SaT1,0.1,False,3,NF28
S03,NF8215171,P1,G3fine_r36,SaT1,0.1,False,3,NF28
S03,NF8216052,P1,G3fine_r36,SaT1,0.1,False,3,NF28
S03,NF8221141,P1,G3fine_r36,SaT1,0.2,False,3,NF28
S04,NF8201811,P1,G3fine_r36,SaT1,0.1,False,3,NF28
S04,NF8204952,P1,G3fine_r36,SaT1,0.2,False,3,NF28
S04,NF8210041,P1,G3fine_r36,SaT1,0.1,False,3,NF28
S04,NF8210631,P1,G3fine_r36,SaT1,0.1,False,3,NF28
S04,NF8211652,P1,G3fine_r36,SaT1,0.2,False,3,NF28
S04,NF8215031,P1,G3fine_r36,SaT1,0.1,False,3,NF28
S04,NF8215041,P1,G3fine_r36,SaT1,0.1,False,3,NF28
S04,NF8215171,P1,G3fine_r36,SaT1,0.1,False,3,NF28
S04,NF8216052,P1,G3fine_r36,SaT1,0.1,False,3,NF28
S04,NF8221141,P1,G3fine_r36,SaT1,0.1,False,3,NF28
S05,NF8201811,P1,G3fine_r36,SaT1,0.2,False,3,NF28
S05,NF8204952,P1,G3fine_r36,SaT1,0.2,False,3,NF28
S05,NF8210041,P1,G3fine_r36,SaT1,0.1,False,3,NF28
S05,NF8210631,P1,G3fine_r36,SaT1,0.1,False,3,NF28
S05,NF8211652,P1,G3fine_r36,SaT1,0.4,False,3,NF28
S05,NF8215031,P1,G3fine_r36,SaT1,0.1,False,3,NF28
S05,NF8215041,P1,G3fine_r36,SaT1,0.1,False,3,NF28
S05,NF8215171,P1,G3fine_r36,SaT1,0.1,False,3,NF28
S05,NF8216052,P1,G3fine_r36,SaT1,0.1,False,3,NF28
S05,NF8221141,P1,G3fine_r36,SaT1,0.2,False,3,NF28
S01,BOL090,P1,G3fine_r36,SaT1,0.1,False,4,FF22
S01,CHY059-N,P1,G3fine_r36,SaT1,0.3,False,4,FF22
S01,CHY101-V,P1,G3fine_r36,SaT1,0.2,False,4,FF22
S01,FOR000,P1,G3fine_r36,SaT1,0.2,False,4,FF22
S01,HEC000,P1,G3fine_r36,SaT1,0.2,False,4,FF22
S01,HWA005-N,P1,G3fine_r36,SaT1,0.2,False,4,FF22
S01,ILA027-V,P1,G3fine_r36,SaT1,0.8,False,4,FF22
S01,LOS270,P1,G3fine_r36,SaT1,0.1,False,4,FF22
S01,TCU036-V,P1,G3fine_r36,SaT1,0.3,False,4,FF22
S01,TCU109-V,P1,G3fine_r36,SaT1,0.3,False,4,FF22
S02,BOL090,P1,G3fine_r36,SaT1,0.1,False,4,FF22
S02,CHY059-N,P1,G3fine_r36,SaT1,0.3,False,4,FF22
S02,CHY101-V,P1,G3fine_r36,SaT1,0.2,False,4,FF22
S02,FOR000,P1,G3fine_r36,SaT1,0.3,False,4,FF22
S02,HEC000,P1,G3fine_r36,SaT1,0.2,False,4,FF22
S02,HWA005-N,P1,G3fine_r36,SaT1,0.3,False,4,FF22
S02,ILA027-V,P1,G3fine_r36,SaT1,1.2,False,4,FF22
S02,LOS270,P1,G3fine_r36,SaT1,0.1,False,4,FF22
S02,TCU036-V,P1,G3fine_r36,SaT1,0.3,False,4,FF22
S02,TCU109-V,P1,G3fine_r36,SaT1,0.3,False,4,FF22
S03,BOL090,P1,G3fine_r36,SaT1,0.1,False,4,FF22
S03,CHY059-N,P1,G3fine_r36,SaT1,0.4,False,4,FF22
S03,CHY101-V,P1,G3fine_r36,SaT1,0.5,False,4,FF22
S03,FOR000,P1,G3fine_r36,SaT1,0.3,False,4,FF22
S03,HEC000,P1,G3fine_r36,SaT1,0.3,False,4,FF22
S03,HWA005-N,P1,G3fine_r36,SaT1,0.4,False,4,FF22
S03,ILA027-V,P1,G3fine_r36,SaT1,0.9,False,4,FF22
S03,LOS270,P1,G3fine_r36,SaT1,0.1,False,4,FF22
S03,TCU036-V,P1,G3fine_r36,SaT1,0.6,False,4,FF22
S03,TCU109-V,P1,G3fine_r36,SaT1,0.5,False,4,FF22
S04,BOL090,P1,G3fine_r36,SaT1,0.1,False,4,FF22
S04,CHY059-N,P1,G3fine_r36,SaT1,0.3,False,4,FF22
S04,CHY101-V,P1,G3fine_r36,SaT1,0.2,False,4,FF22
S04,FOR000,P1,G3fine_r36,SaT1,0.2,False,4,FF22
S04,HEC000,P1,G3fine_r36,SaT1,0.1,False,4,FF22
S04,HWA005-N,P1,G3fine_r36,SaT1,0.2,False,4,FF22
S04,ILA027-V,P1,G3fine_r36,SaT1,0.9,False,4,FF22
S04,LOS270,P1,G3fine_r36,SaT1,0.1,False,4,FF22
S04,TCU036-V,P1,G3fine_r36,SaT1,0.2,False,4,FF22
S04,TCU109-V,P1,G3fine_r36,SaT1,0.3,False,4,FF22
S05,BOL090,P1,G3fine_r36,SaT1,0.1,False,4,FF22
S05,CHY059-N,P1,G3fine_r36,SaT1,0.6,False,4,FF22
S05,CHY101-V,P1,G3fine_r36,SaT1,0.5,False,4,FF22
S05,FOR000,P1,G3fine_r36,SaT1,0.4,False,4,FF22
S05,HEC000,P1,G3fine_r36,SaT1,0.3,False,4,FF22
S05,HWA005-N,P1,G3fine_r36,SaT1,0.3,False,4,FF22
S05,ILA027-V,P1,G3fine_r36,SaT1,1.1,False,4,FF22
S05,LOS270,P1,G3fine_r36,SaT1,0.1,False,4,FF22
S05,TCU036-V,P1,G3fine_r36,SaT1,0.8,False,4,FF22
S05,TCU109-V,P1,G3fine_r36,SaT1,0.4,False,4,FF22
S01,059v2009,P1,G3fine_r36,SaT1,0.3,False,4,FFext
S01,B-POE360,P1,G3fine_r36,SaT1,0.1,False,4,FFext
S01,CHY059-V,P1,G3fine_r36,SaT1,0.8,False,4,FFext
S01,CHY101-E,P1,G3fine_r36,SaT1,0.1,False,4,FFext
S01,MU2035,P1,G3fine_r36,SaT1,0.2,False,4,FFext
S01,PEL180,P1,G3fine_r36,SaT1,0.2,False,4,FFext
S01,TCU036-N,P1,G3fine_r36,SaT1,0.2,False,4,FFext
S01,TCU059-E,P1,G3fine_r36,SaT1,0.1,False,4,FFext
S01,TCU095-N,P1,G3fine_r36,SaT1,0.2,False,4,FFext
S01,TCU128-V,P1,G3fine_r36,SaT1,0.3,False,4,FFext
S02,059v2009,P1,G3fine_r36,SaT1,0.3,False,4,FFext
S02,B-POE360,P1,G3fine_r36,SaT1,0.2,False,4,FFext
S02,CHY059-V,P1,G3fine_r36,SaT1,1.0,False,4,FFext
S02,CHY101-E,P1,G3fine_r36,SaT1,0.1,False,4,FFext
S02,MU2035,P1,G3fine_r36,SaT1,0.2,False,4,FFext
S02,PEL180,P1,G3fine_r36,SaT1,0.6,False,4,FFext
S02,TCU036-N,P1,G3fine_r36,SaT1,0.2,False,4,FFext
S02,TCU059-E,P1,G3fine_r36,SaT1,0.3,False,4,FFext
S02,TCU095-N,P1,G3fine_r36,SaT1,0.3,False,4,FFext
S02,TCU128-V,P1,G3fine_r36,SaT1,0.3,False,4,FFext
S03,059v2009,P1,G3fine_r36,SaT1,0.3,False,4,FFext
S03,B-POE360,P1,G3fine_r36,SaT1,0.2,False,4,FFext
S03,CHY059-V,P1,G3fine_r36,SaT1,1.1,False,4,FFext
S03,CHY101-E,P1,G3fine_r36,SaT1,0.1,False,4,FFext
S03,MU2035,P1,G3fine_r36,SaT1,0.3,False,4,FFext
S03,PEL180,P1,G3fine_r36,SaT1,0.3,False,4,FFext
S03,TCU036-N,P1,G3fine_r36,SaT1,0.2,False,4,FFext
S03,TCU059-E,P1,G3fine_r36,SaT1,0.1,False,4,FFext
S03,TCU095-N,P1,G3fine_r36,SaT1,0.3,False,4,FFext
S03,TCU128-V,P1,G3fine_r36,SaT1,0.8,False,4,FFext
S04,059v2009,P1,G3fine_r36,SaT1,0.3,False,4,FFext
S04,B-POE360,P1,G3fine_r36,SaT1,0.2,False,4,FFext
S04,CHY059-V,P1,G3fine_r36,SaT1,0.5,False,4,FFext
S04,CHY101-E,P1,G3fine_r36,SaT1,0.1,False,4,FFext
S04,MU2035,P1,G3fine_r36,SaT1,0.2,False,4,FFext
S04,PEL180,P1,G3fine_r36,SaT1,0.3,False,4,FFext
S04,TCU036-N,P1,G3fine_r36,SaT1,0.1,False,4,FFext
S04,TCU059-E,P1,G3fine_r36,SaT1,0.1,False,4,FFext
S04,TCU095-N,P1,G3fine_r36,SaT1,0.2,False,4,FFext
S04,TCU128-V,P1,G3fine_r36,SaT1,0.2,False,4,FFext
S05,059v2009,P1,G3fine_r36,SaT1,0.4,False,4,FFext
S05,B-POE360,P1,G3fine_r36,SaT1,0.2,False,4,FFext
S05,CHY059-V,P1,G3fine_r36,SaT1,0.9,False,4,FFext
S05,CHY101-E,P1,G3fine_r36,SaT1,0.2,False,4,FFext
S05,MU2035,P1,G3fine_r36,SaT1,0.3,False,4,FFext
S05,PEL180,P1,G3fine_r36,SaT1,0.3,False,4,FFext
S05,TCU036-N,P1,G3fine_r36,SaT1,0.3,False,4,FFext
S05,TCU059-E,P1,G3fine_r36,SaT1,0.2,False,4,FFext
S05,TCU095-N,P1,G3fine_r36,SaT1,0.3,False,4,FFext
S05,TCU128-V,P1,G3fine_r36,SaT1,0.5,False,4,FFext
S01,NF8201821,P1,G3fine_r36,SaT1,0.1,False,4,NF28
S01,NF8204961,P1,G3fine_r36,SaT1,0.3,False,4,NF28
S01,NF8207231,P1,G3fine_r36,SaT1,0.1,False,4,NF28
S01,NF8207532,P1,G3fine_r36,SaT1,0.1,False,4,NF28
S01,NF8208252,P1,G3fine_r36,SaT1,0.1,False,4,NF28
S01,NF8208282,P1,G3fine_r36,SaT1,0.1,False,4,NF28
S01,NF8210482,P1,G3fine_r36,SaT1,0.1,False,4,NF28
S01,NF8215031,P1,G3fine_r36,SaT1,0.1,False,4,NF28
S01,NF8215171,P1,G3fine_r36,SaT1,0.1,False,4,NF28
S01,NF8221141,P1,G3fine_r36,SaT1,0.1,False,4,NF28
S02,NF8201821,P1,G3fine_r36,SaT1,0.1,False,4,NF28
S02,NF8204961,P1,G3fine_r36,SaT1,0.3,False,4,NF28
S02,NF8207231,P1,G3fine_r36,SaT1,0.1,False,4,NF28
S02,NF8207532,P1,G3fine_r36,SaT1,0.1,False,4,NF28
S02,NF8208252,P1,G3fine_r36,SaT1,0.1,False,4,NF28
S02,NF8208282,P1,G3fine_r36,SaT1,0.1,False,4,NF28
S02,NF8210482,P1,G3fine_r36,SaT1,0.1,False,4,NF28
S02,NF8215031,P1,G3fine_r36,SaT1,0.1,False,4,NF28
S02,NF8215171,P1,G3fine_r36,SaT1,0.1,False,4,NF28
S02,NF8221141,P1,G3fine_r36,SaT1,0.2,False,4,NF28
S03,NF8201821,P1,G3fine_r36,SaT1,0.1,False,4,NF28
S03,NF8204961,P1,G3fine_r36,SaT1,0.2,False,4,NF28
S03,NF8207231,P1,G3fine_r36,SaT1,0.1,False,4,NF28
S03,NF8207532,P1,G3fine_r36,SaT1,0.2,False,4,NF28
S03,NF8208252,P1,G3fine_r36,SaT1,0.1,False,4,NF28
S03,NF8208282,P1,G3fine_r36,SaT1,0.1,False,4,NF28
S03,NF8210482,P1,G3fine_r36,SaT1,0.2,False,4,NF28
S03,NF8215031,P1,G3fine_r36,SaT1,0.1,False,4,NF28
S03,NF8215171,P1,G3fine_r36,SaT1,0.1,False,4,NF28
S03,NF8221141,P1,G3fine_r36,SaT1,0.2,False,4,NF28
S04,NF8201821,P1,G3fine_r36,SaT1,0.1,False,4,NF28
S04,NF8204961,P1,G3fine_r36,SaT1,0.2,False,4,NF28
S04,NF8207231,P1,G3fine_r36,SaT1,0.1,False,4,NF28
S04,NF8207532,P1,G3fine_r36,SaT1,0.1,False,4,NF28
S04,NF8208252,P1,G3fine_r36,SaT1,0.1,False,4,NF28
S04,NF8208282,P1,G3fine_r36,SaT1,0.1,False,4,NF28
S04,NF8210482,P1,G3fine_r36,SaT1,0.1,False,4,NF28
S04,NF8215031,P1,G3fine_r36,SaT1,0.1,False,4,NF28
S04,NF8215171,P1,G3fine_r36,SaT1,0.1,False,4,NF28
S04,NF8221141,P1,G3fine_r36,SaT1,0.1,False,4,NF28
S05,NF8201821,P1,G3fine_r36,SaT1,0.1,False,4,NF28
S05,NF8204961,P1,G3fine_r36,SaT1,0.2,False,4,NF28
S05,NF8207231,P1,G3fine_r36,SaT1,0.2,False,4,NF28
S05,NF8207532,P1,G3fine_r36,SaT1,0.2,False,4,NF28
S05,NF8208252,P1,G3fine_r36,SaT1,0.1,False,4,NF28
S05,NF8208282,P1,G3fine_r36,SaT1,0.1,False,4,NF28
S05,NF8210482,P1,G3fine_r36,SaT1,0.2,False,4,NF28
S05,NF8215031,P1,G3fine_r36,SaT1,0.1,False,4,NF28
S05,NF8215171,P1,G3fine_r36,SaT1,0.1,False,4,NF28
S05,NF8221141,P1,G3fine_r36,SaT1,0.2,False,4,NF28
S01,A-TMZ270,P1,G3fine_r36,SaT1,0.2,False,5,FF22
S01,ARC000,P1,G3fine_r36,SaT1,0.5,False,5,FF22
S01,ARC090,P1,G3fine_r36,SaT1,0.4,False,5,FF22
S01,CHY059-N,P1,G3fine_r36,SaT1,0.3,False,5,FF22
S01,H-E11140,P1,G3fine_r36,SaT1,0.2,False,5,FF22
S01,HWA015-V,P1,G3fine_r36,SaT1,0.3,False,5,FF22
S01,MUL009,P1,G3fine_r36,SaT1,0.1,False,5,FF22
S01,TAP012-E,P1,G3fine_r36,SaT1,0.2,False,5,FF22
S01,TAP100-E,P1,G3fine_r36,SaT1,0.2,False,5,FF22
S01,TAP100-N,P1,G3fine_r36,SaT1,0.2,False,5,FF22
S02,A-TMZ270,P1,G3fine_r36,SaT1,0.2,False,5,FF22
S02,ARC000,P1,G3fine_r36,SaT1,0.3,False,5,FF22
S02,ARC090,P1,G3fine_r36,SaT1,0.4,False,5,FF22
S02,CHY059-N,P1,G3fine_r36,SaT1,0.3,False,5,FF22
S02,H-E11140,P1,G3fine_r36,SaT1,0.3,False,5,FF22
S02,HWA015-V,P1,G3fine_r36,SaT1,0.4,False,5,FF22
S02,MUL009,P1,G3fine_r36,SaT1,0.1,False,5,FF22
S02,TAP012-E,P1,G3fine_r36,SaT1,0.3,False,5,FF22
S02,TAP100-E,P1,G3fine_r36,SaT1,0.2,False,5,FF22
S02,TAP100-N,P1,G3fine_r36,SaT1,0.3,False,5,FF22
S03,A-TMZ270,P1,G3fine_r36,SaT1,0.1,False,5,FF22
S03,ARC000,P1,G3fine_r36,SaT1,0.5,False,5,FF22
S03,ARC090,P1,G3fine_r36,SaT1,0.5,False,5,FF22
S03,CHY059-N,P1,G3fine_r36,SaT1,0.4,False,5,FF22
S03,H-E11140,P1,G3fine_r36,SaT1,0.3,False,5,FF22
S03,HWA015-V,P1,G3fine_r36,SaT1,0.4,False,5,FF22
S03,MUL009,P1,G3fine_r36,SaT1,0.2,False,5,FF22
S03,TAP012-E,P1,G3fine_r36,SaT1,0.3,False,5,FF22
S03,TAP100-E,P1,G3fine_r36,SaT1,0.4,False,5,FF22
S03,TAP100-N,P1,G3fine_r36,SaT1,0.3,False,5,FF22
S04,A-TMZ270,P1,G3fine_r36,SaT1,0.2,False,5,FF22
S04,ARC000,P1,G3fine_r36,SaT1,0.4,False,5,FF22
S04,ARC090,P1,G3fine_r36,SaT1,0.4,False,5,FF22
S04,CHY059-N,P1,G3fine_r36,SaT1,0.3,False,5,FF22
S04,H-E11140,P1,G3fine_r36,SaT1,0.2,False,5,FF22
S04,HWA015-V,P1,G3fine_r36,SaT1,0.3,False,5,FF22
S04,MUL009,P1,G3fine_r36,SaT1,0.1,False,5,FF22
S04,TAP012-E,P1,G3fine_r36,SaT1,0.1,False,5,FF22
S04,TAP100-E,P1,G3fine_r36,SaT1,0.2,False,5,FF22
S04,TAP100-N,P1,G3fine_r36,SaT1,0.2,False,5,FF22
S05,A-TMZ270,P1,G3fine_r36,SaT1,0.1,False,5,FF22
S05,ARC000,P1,G3fine_r36,SaT1,0.5,False,5,FF22
S05,ARC090,P1,G3fine_r36,SaT1,0.5,False,5,FF22
S05,CHY059-N,P1,G3fine_r36,SaT1,0.6,False,5,FF22
S05,H-E11140,P1,G3fine_r36,SaT1,0.3,False,5,FF22
S05,HWA015-V,P1,G3fine_r36,SaT1,0.6,False,5,FF22
S05,MUL009,P1,G3fine_r36,SaT1,0.2,False,5,FF22
S05,TAP012-E,P1,G3fine_r36,SaT1,0.4,False,5,FF22
S05,TAP100-E,P1,G3fine_r36,SaT1,0.5,False,5,FF22
S05,TAP100-N,P1,G3fine_r36,SaT1,0.2,False,5,FF22
S01,A-TMZ270,P1,G3fine_r36,SaT1,0.2,False,5,FFext
S01,HWA005-W,P1,G3fine_r36,SaT1,0.2,False,5,FFext
S01,HWA055-W,P1,G3fine_r36,SaT1,0.1,False,5,FFext
S01,ILA027-E,P1,G3fine_r36,SaT1,0.4,False,5,FFext
S01,LOS270,P1,G3fine_r36,SaT1,0.1,False,5,FFext
S01,STM090,P1,G3fine_r36,SaT1,0.2,False,5,FFext
S01,STM360,P1,G3fine_r36,SaT1,0.3,False,5,FFext
S01,TAP006-V,P1,G3fine_r36,SaT1,0.3,False,5,FFext
S01,TAP012-E,P1,G3fine_r36,SaT1,0.2,False,5,FFext
S01,TCU036-N,P1,G3fine_r36,SaT1,0.2,False,5,FFext
S02,A-TMZ270,P1,G3fine_r36,SaT1,0.2,False,5,FFext
S02,HWA005-W,P1,G3fine_r36,SaT1,0.2,False,5,FFext
S02,HWA055-W,P1,G3fine_r36,SaT1,0.3,False,5,FFext
S02,ILA027-E,P1,G3fine_r36,SaT1,0.4,False,5,FFext
S02,LOS270,P1,G3fine_r36,SaT1,0.1,False,5,FFext
S02,STM090,P1,G3fine_r36,SaT1,0.2,False,5,FFext
S02,STM360,P1,G3fine_r36,SaT1,0.2,False,5,FFext
S02,TAP006-V,P1,G3fine_r36,SaT1,0.6,False,5,FFext
S02,TAP012-E,P1,G3fine_r36,SaT1,0.3,False,5,FFext
S02,TCU036-N,P1,G3fine_r36,SaT1,0.2,False,5,FFext
S03,A-TMZ270,P1,G3fine_r36,SaT1,0.1,False,5,FFext
S03,HWA005-W,P1,G3fine_r36,SaT1,0.4,False,5,FFext
S03,HWA055-W,P1,G3fine_r36,SaT1,0.2,False,5,FFext
S03,ILA027-E,P1,G3fine_r36,SaT1,0.4,False,5,FFext
S03,LOS270,P1,G3fine_r36,SaT1,0.1,False,5,FFext
S03,STM090,P1,G3fine_r36,SaT1,0.2,False,5,FFext
S03,STM360,P1,G3fine_r36,SaT1,0.2,False,5,FFext
S03,TAP006-V,P1,G3fine_r36,SaT1,0.6,False,5,FFext
S03,TAP012-E,P1,G3fine_r36,SaT1,0.3,False,5,FFext
S03,TCU036-N,P1,G3fine_r36,SaT1,0.2,False,5,FFext
S04,A-TMZ270,P1,G3fine_r36,SaT1,0.2,False,5,FFext
S04,HWA005-W,P1,G3fine_r36,SaT1,0.2,False,5,FFext
S04,HWA055-W,P1,G3fine_r36,SaT1,0.1,False,5,FFext
S04,ILA027-E,P1,G3fine_r36,SaT1,0.2,False,5,FFext
S04,LOS270,P1,G3fine_r36,SaT1,0.1,False,5,FFext
S04,STM090,P1,G3fine_r36,SaT1,0.1,False,5,FFext
S04,STM360,P1,G3fine_r36,SaT1,0.1,False,5,FFext
S04,TAP006-V,P1,G3fine_r36,SaT1,0.3,False,5,FFext
S04,TAP012-E,P1,G3fine_r36,SaT1,0.1,False,5,FFext
S04,TCU036-N,P1,G3fine_r36,SaT1,0.1,False,5,FFext
S05,A-TMZ270,P1,G3fine_r36,SaT1,0.1,False,5,FFext
S05,HWA005-W,P1,G3fine_r36,SaT1,0.4,False,5,FFext
S05,HWA055-W,P1,G3fine_r36,SaT1,0.2,False,5,FFext
S05,ILA027-E,P1,G3fine_r36,SaT1,0.3,False,5,FFext
S05,LOS270,P1,G3fine_r36,SaT1,0.1,False,5,FFext
S05,STM090,P1,G3fine_r36,SaT1,0.2,False,5,FFext
S05,STM360,P1,G3fine_r36,SaT1,0.2,False,5,FFext
S05,TAP006-V,P1,G3fine_r36,SaT1,1.2,False,5,FFext
S05,TAP012-E,P1,G3fine_r36,SaT1,0.4,False,5,FFext
S05,TCU036-N,P1,G3fine_r36,SaT1,0.3,False,5,FFext
S01,NF8201811,P1,G3fine_r36,SaT1,0.1,False,5,NF28
S01,NF8202922,P1,G3fine_r36,SaT1,0.1,False,5,NF28
S01,NF8204952,P1,G3fine_r36,SaT1,0.2,False,5,NF28
S01,NF8204961,P1,G3fine_r36,SaT1,0.3,False,5,NF28
S01,NF8207411,P1,G3fine_r36,SaT1,0.2,False,5,NF28
S01,NF8208252,P1,G3fine_r36,SaT1,0.1,False,5,NF28
S01,NF8208792,P1,G3fine_r36,SaT1,0.2,False,5,NF28
S01,NF8210631,P1,G3fine_r36,SaT1,0.1,False,5,NF28
S01,NF8210861,P1,G3fine_r36,SaT1,0.1,False,5,NF28
S01,NF8215041,P1,G3fine_r36,SaT1,0.1,False,5,NF28
S02,NF8201811,P1,G3fine_r36,SaT1,0.2,False,5,NF28
S02,NF8202922,P1,G3fine_r36,SaT1,0.2,False,5,NF28
S02,NF8204952,P1,G3fine_r36,SaT1,0.1,False,5,NF28
S02,NF8204961,P1,G3fine_r36,SaT1,0.3,False,5,NF28
S02,NF8207411,P1,G3fine_r36,SaT1,0.1,False,5,NF28
S02,NF8208252,P1,G3fine_r36,SaT1,0.1,False,5,NF28
S02,NF8208792,P1,G3fine_r36,SaT1,0.2,False,5,NF28
S02,NF8210631,P1,G3fine_r36,SaT1,0.1,False,5,NF28
S02,NF8210861,P1,G3fine_r36,SaT1,0.1,False,5,NF28
S02,NF8215041,P1,G3fine_r36,SaT1,0.1,False,5,NF28
S03,NF8201811,P1,G3fine_r36,SaT1,0.3,False,5,NF28
S03,NF8202922,P1,G3fine_r36,SaT1,0.2,False,5,NF28
S03,NF8204952,P1,G3fine_r36,SaT1,0.2,False,5,NF28
S03,NF8204961,P1,G3fine_r36,SaT1,0.2,False,5,NF28
S03,NF8207411,P1,G3fine_r36,SaT1,0.2,False,5,NF28
S03,NF8208252,P1,G3fine_r36,SaT1,0.1,False,5,NF28
S03,NF8208792,P1,G3fine_r36,SaT1,0.3,False,5,NF28
S03,NF8210631,P1,G3fine_r36,SaT1,0.1,False,5,NF28
S03,NF8210861,P1,G3fine_r36,SaT1,0.2,False,5,NF28
S03,NF8215041,P1,G3fine_r36,SaT1,0.1,False,5,NF28
S04,NF8201811,P1,G3fine_r36,SaT1,0.1,False,5,NF28
S04,NF8202922,P1,G3fine_r36,SaT1,0.1,False,5,NF28
S04,NF8204952,P1,G3fine_r36,SaT1,0.2,False,5,NF28
S04,NF8204961,P1,G3fine_r36,SaT1,0.2,False,5,NF28
S04,NF8207411,P1,G3fine_r36,SaT1,0.1,False,5,NF28
S04,NF8208252,P1,G3fine_r36,SaT1,0.1,False,5,NF28
S04,NF8208792,P1,G3fine_r36,SaT1,0.1,False,5,NF28
S04,NF8210631,P1,G3fine_r36,SaT1,0.1,False,5,NF28
S04,NF8210861,P1,G3fine_r36,SaT1,0.1,False,5,NF28
S04,NF8215041,P1,G3fine_r36,SaT1,0.1,False,5,NF28
S05,NF8201811,P1,G3fine_r36,SaT1,0.2,False,5,NF28
S05,NF8202922,P1,G3fine_r36,SaT1,0.2,False,5,NF28
S05,NF8204952,P1,G3fine_r36,SaT1,0.2,False,5,NF28
S05,NF8204961,P1,G3fine_r36,SaT1,0.2,False,5,NF28
S05,NF8207411,P1,G3fine_r36,SaT1,0.2,False,5,NF28
S05,NF8208252,P1,G3fine_r36,SaT1,0.1,False,5,NF28
S05,NF8208792,P1,G3fine_r36,SaT1,0.4,False,5,NF28
S05,NF8210631,P1,G3fine_r36,SaT1,0.1,False,5,NF28
S05,NF8210861,P1,G3fine_r36,SaT1,0.2,False,5,NF28
S05,NF8215041,P1,G3fine_r36,SaT1,0.1,False,5,NF28
S01,CLW-TR,P1,G3fine_r36,SaT1,0.1,False,6,FF22
S01,H-DLT262,P1,G3fine_r36,SaT1,0.1,False,6,FF22
S01,H-E11140,P1,G3fine_r36,SaT1,0.2,False,6,FF22
S01,HWA015-E,P1,G3fine_r36,SaT1,0.2,False,6,FF22
S01,KAK090,P1,G3fine_r36,SaT1,0.2,False,6,FF22
S01,TAP012-E,P1,G3fine_r36,SaT1,0.2,False,6,FF22
S01,TCU045-V,P1,G3fine_r36,SaT1,0.2,False,6,FF22
S01,TCU059-N,P1,G3fine_r36,SaT1,0.1,False,6,FF22
S01,TCU095-E,P1,G3fine_r36,SaT1,0.1,False,6,FF22
S01,TCU128-N,P1,G3fine_r36,SaT1,0.1,False,6,FF22
S02,CLW-TR,P1,G3fine_r36,SaT1,0.1,False,6,FF22
S02,H-DLT262,P1,G3fine_r36,SaT1,0.1,False,6,FF22
S02,H-E11140,P1,G3fine_r36,SaT1,0.3,False,6,FF22
S02,HWA015-E,P1,G3fine_r36,SaT1,0.3,False,6,FF22
S02,KAK090,P1,G3fine_r36,SaT1,0.2,False,6,FF22
S02,TAP012-E,P1,G3fine_r36,SaT1,0.3,False,6,FF22
S02,TCU045-V,P1,G3fine_r36,SaT1,0.3,False,6,FF22
S02,TCU059-N,P1,G3fine_r36,SaT1,0.3,False,6,FF22
S02,TCU095-E,P1,G3fine_r36,SaT1,0.1,False,6,FF22
S02,TCU128-N,P1,G3fine_r36,SaT1,0.1,False,6,FF22
S03,CLW-TR,P1,G3fine_r36,SaT1,0.1,False,6,FF22
S03,H-DLT262,P1,G3fine_r36,SaT1,0.2,False,6,FF22
S03,H-E11140,P1,G3fine_r36,SaT1,0.3,False,6,FF22
S03,HWA015-E,P1,G3fine_r36,SaT1,0.3,False,6,FF22
S03,KAK090,P1,G3fine_r36,SaT1,0.2,False,6,FF22
S03,TAP012-E,P1,G3fine_r36,SaT1,0.3,False,6,FF22
S03,TCU045-V,P1,G3fine_r36,SaT1,0.4,False,6,FF22
S03,TCU059-N,P1,G3fine_r36,SaT1,0.2,False,6,FF22
S03,TCU095-E,P1,G3fine_r36,SaT1,0.3,False,6,FF22
S03,TCU128-N,P1,G3fine_r36,SaT1,0.3,False,6,FF22
S04,CLW-TR,P1,G3fine_r36,SaT1,0.2,False,6,FF22
S04,H-DLT262,P1,G3fine_r36,SaT1,0.2,False,6,FF22
S04,H-E11140,P1,G3fine_r36,SaT1,0.2,False,6,FF22
S04,HWA015-E,P1,G3fine_r36,SaT1,0.1,False,6,FF22
S04,KAK090,P1,G3fine_r36,SaT1,0.1,False,6,FF22
S04,TAP012-E,P1,G3fine_r36,SaT1,0.1,False,6,FF22
S04,TCU045-V,P1,G3fine_r36,SaT1,0.2,False,6,FF22
S04,TCU059-N,P1,G3fine_r36,SaT1,0.1,False,6,FF22
S04,TCU095-E,P1,G3fine_r36,SaT1,0.1,False,6,FF22
S04,TCU128-N,P1,G3fine_r36,SaT1,0.1,False,6,FF22
S05,CLW-TR,P1,G3fine_r36,SaT1,0.1,False,6,FF22
S05,H-DLT262,P1,G3fine_r36,SaT1,0.1,False,6,FF22
S05,H-E11140,P1,G3fine_r36,SaT1,0.3,False,6,FF22
S05,HWA015-E,P1,G3fine_r36,SaT1,0.4,False,6,FF22
S05,KAK090,P1,G3fine_r36,SaT1,0.2,False,6,FF22
S05,TAP012-E,P1,G3fine_r36,SaT1,0.4,False,6,FF22
S05,TCU045-V,P1,G3fine_r36,SaT1,0.5,False,6,FF22
S05,TCU059-N,P1,G3fine_r36,SaT1,0.3,False,6,FF22
S05,TCU095-E,P1,G3fine_r36,SaT1,0.3,False,6,FF22
S05,TCU128-N,P1,G3fine_r36,SaT1,0.3,False,6,FF22
S01,ARC000,P1,G3fine_r36,SaT1,0.5,False,6,FFext
S01,BOL000,P1,G3fine_r36,SaT1,0.1,False,6,FFext
S01,CHY006-W,P1,G3fine_r36,SaT1,0.1,False,6,FFext
S01,CHY059-E,P1,G3fine_r36,SaT1,0.3,False,6,FFext
S01,FOR090,P1,G3fine_r36,SaT1,0.2,False,6,FFext
S01,ILA027-E,P1,G3fine_r36,SaT1,0.4,False,6,FFext
S01,SHI090,P1,G3fine_r36,SaT1,0.2,False,6,FFext
S01,STN020,P1,G3fine_r36,SaT1,0.2,False,6,FFext
S01,STN110,P1,G3fine_r36,SaT1,0.2,False,6,FFext
S01,TCU117-E,P1,G3fine_r36,SaT1,0.1,False,6,FFext
S02,ARC000,P1,G3fine_r36,SaT1,0.3,False,6,FFext
S02,BOL000,P1,G3fine_r36,SaT1,0.1,False,6,FFext
S02,CHY006-W,P1,G3fine_r36,SaT1,0.1,False,6,FFext
S02,CHY059-E,P1,G3fine_r36,SaT1,0.3,False,6,FFext
S02,FOR090,P1,G3fine_r36,SaT1,0.3,False,6,FFext
S02,ILA027-E,P1,G3fine_r36,SaT1,0.4,False,6,FFext
S02,SHI090,P1,G3fine_r36,SaT1,0.2,False,6,FFext
S02,STN020,P1,G3fine_r36,SaT1,0.2,False,6,FFext
S02,STN110,P1,G3fine_r36,SaT1,0.2,False,6,FFext
S02,TCU117-E,P1,G3fine_r36,SaT1,0.2,False,6,FFext
S03,ARC000,P1,G3fine_r36,SaT1,0.5,False,6,FFext
S03,BOL000,P1,G3fine_r36,SaT1,0.2,False,6,FFext
S03,CHY006-W,P1,G3fine_r36,SaT1,0.1,False,6,FFext
S03,CHY059-E,P1,G3fine_r36,SaT1,0.6,False,6,FFext
S03,FOR090,P1,G3fine_r36,SaT1,0.4,False,6,FFext
S03,ILA027-E,P1,G3fine_r36,SaT1,0.4,False,6,FFext
S03,SHI090,P1,G3fine_r36,SaT1,0.2,False,6,FFext
S03,STN020,P1,G3fine_r36,SaT1,0.2,False,6,FFext
S03,STN110,P1,G3fine_r36,SaT1,0.1,False,6,FFext
S03,TCU117-E,P1,G3fine_r36,SaT1,0.3,False,6,FFext
S04,ARC000,P1,G3fine_r36,SaT1,0.4,False,6,FFext
S04,BOL000,P1,G3fine_r36,SaT1,0.1,False,6,FFext
S04,CHY006-W,P1,G3fine_r36,SaT1,0.1,False,6,FFext
S04,CHY059-E,P1,G3fine_r36,SaT1,0.2,False,6,FFext
S04,FOR090,P1,G3fine_r36,SaT1,0.1,False,6,FFext
S04,ILA027-E,P1,G3fine_r36,SaT1,0.2,False,6,FFext
S04,SHI090,P1,G3fine_r36,SaT1,0.1,False,6,FFext
S04,STN020,P1,G3fine_r36,SaT1,0.1,False,6,FFext
S04,STN110,P1,G3fine_r36,SaT1,0.1,False,6,FFext
S04,TCU117-E,P1,G3fine_r36,SaT1,0.1,False,6,FFext
S05,ARC000,P1,G3fine_r36,SaT1,0.5,False,6,FFext
S05,BOL000,P1,G3fine_r36,SaT1,0.2,False,6,FFext
S05,CHY006-W,P1,G3fine_r36,SaT1,0.1,False,6,FFext
S05,CHY059-E,P1,G3fine_r36,SaT1,0.6,False,6,FFext
S05,FOR090,P1,G3fine_r36,SaT1,0.6,False,6,FFext
S05,ILA027-E,P1,G3fine_r36,SaT1,0.3,False,6,FFext
S05,SHI090,P1,G3fine_r36,SaT1,0.2,False,6,FFext
S05,STN020,P1,G3fine_r36,SaT1,0.2,False,6,FFext
S05,STN110,P1,G3fine_r36,SaT1,0.1,False,6,FFext
S05,TCU117-E,P1,G3fine_r36,SaT1,0.3,False,6,FFext
S01,NF8201821,P1,G3fine_r36,SaT1,0.1,False,6,NF28
S01,NF8202922,P1,G3fine_r36,SaT1,0.1,False,6,NF28
S01,NF8204952,P1,G3fine_r36,SaT1,0.2,False,6,NF28
S01,NF8207231,P1,G3fine_r36,SaT1,0.1,False,6,NF28
S01,NF8207532,P1,G3fine_r36,SaT1,0.1,False,6,NF28
S01,NF8208211,P1,G3fine_r36,SaT1,0.1,False,6,NF28
S01,NF8210861,P1,G3fine_r36,SaT1,0.1,False,6,NF28
S01,NF8215041,P1,G3fine_r36,SaT1,0.1,False,6,NF28
S01,NF8215291,P1,G3fine_r36,SaT1,0.2,False,6,NF28
S01,NF8216052,P1,G3fine_r36,SaT1,0.1,False,6,NF28
S02,NF8201821,P1,G3fine_r36,SaT1,0.1,False,6,NF28
S02,NF8202922,P1,G3fine_r36,SaT1,0.2,False,6,NF28
S02,NF8204952,P1,G3fine_r36,SaT1,0.1,False,6,NF28
S02,NF8207231,P1,G3fine_r36,SaT1,0.1,False,6,NF28
S02,NF8207532,P1,G3fine_r36,SaT1,0.1,False,6,NF28
S02,NF8208211,P1,G3fine_r36,SaT1,0.1,False,6,NF28
S02,NF8210861,P1,G3fine_r36,SaT1,0.1,False,6,NF28
S02,NF8215041,P1,G3fine_r36,SaT1,0.1,False,6,NF28
S02,NF8215291,P1,G3fine_r36,SaT1,0.1,False,6,NF28
S02,NF8216052,P1,G3fine_r36,SaT1,0.1,False,6,NF28
S03,NF8201821,P1,G3fine_r36,SaT1,0.1,False,6,NF28
S03,NF8202922,P1,G3fine_r36,SaT1,0.2,False,6,NF28
S03,NF8204952,P1,G3fine_r36,SaT1,0.2,False,6,NF28
S03,NF8207231,P1,G3fine_r36,SaT1,0.1,False,6,NF28
S03,NF8207532,P1,G3fine_r36,SaT1,0.2,False,6,NF28
S03,NF8208211,P1,G3fine_r36,SaT1,0.1,False,6,NF28
S03,NF8210861,P1,G3fine_r36,SaT1,0.2,False,6,NF28
S03,NF8215041,P1,G3fine_r36,SaT1,0.1,False,6,NF28
S03,NF8215291,P1,G3fine_r36,SaT1,0.1,False,6,NF28
S03,NF8216052,P1,G3fine_r36,SaT1,0.1,False,6,NF28
S04,NF8201821,P1,G3fine_r36,SaT1,0.1,False,6,NF28
S04,NF8202922,P1,G3fine_r36,SaT1,0.1,False,6,NF28
S04,NF8204952,P1,G3fine_r36,SaT1,0.2,False,6,NF28
S04,NF8207231,P1,G3fine_r36,SaT1,0.1,False,6,NF28
S04,NF8207532,P1,G3fine_r36,SaT1,0.1,False,6,NF28
S04,NF8208211,P1,G3fine_r36,SaT1,0.1,False,6,NF28
S04,NF8210861,P1,G3fine_r36,SaT1,0.1,False,6,NF28
S04,NF8215041,P1,G3fine_r36,SaT1,0.1,False,6,NF28
S04,NF8215291,P1,G3fine_r36,SaT1,0.1,False,6,NF28
S04,NF8216052,P1,G3fine_r36,SaT1,0.1,False,6,NF28
S05,NF8201821,P1,G3fine_r36,SaT1,0.1,False,6,NF28
S05,NF8202922,P1,G3fine_r36,SaT1,0.2,False,6,NF28
S05,NF8204952,P1,G3fine_r36,SaT1,0.2,False,6,NF28
S05,NF8207231,P1,G3fine_r36,SaT1,0.2,False,6,NF28
S05,NF8207532,P1,G3fine_r36,SaT1,0.2,False,6,NF28
S05,NF8208211,P1,G3fine_r36,SaT1,0.1,False,6,NF28
S05,NF8210861,P1,G3fine_r36,SaT1,0.2,False,6,NF28
S05,NF8215041,P1,G3fine_r36,SaT1,0.1,False,6,NF28
S05,NF8215291,P1,G3fine_r36,SaT1,0.2,False,6,NF28
S05,NF8216052,P1,G3fine_r36,SaT1,0.1,False,6,NF28
S01,ARC000,P1,G3fine_r36,SaT1,0.5,False,7,FF22
S01,CHY059-N,P1,G3fine_r36,SaT1,0.3,False,7,FF22
S01,G03000,P1,G3fine_r36,SaT1,0.1,False,7,FF22
S01,HWA005-N,P1,G3fine_r36,SaT1,0.2,False,7,FF22
S01,HWA005-V,P1,G3fine_r36,SaT1,0.3,False,7,FF22
S01,JOS000,P1,G3fine_r36,SaT1,0.1,False,7,FF22
S01,MUL279,P1,G3fine_r36,SaT1,0.1,False,7,FF22
S01,ORR360,P1,G3fine_r36,SaT1,0.1,False,7,FF22
S01,TCU036-E,P1,G3fine_r36,SaT1,0.2,False,7,FF22
S01,TCU109-N,P1,G3fine_r36,SaT1,0.1,False,7,FF22
S02,ARC000,P1,G3fine_r36,SaT1,0.3,False,7,FF22
S02,CHY059-N,P1,G3fine_r36,SaT1,0.3,False,7,FF22
S02,G03000,P1,G3fine_r36,SaT1,0.2,False,7,FF22
S02,HWA005-N,P1,G3fine_r36,SaT1,0.3,False,7,FF22
S02,HWA005-V,P1,G3fine_r36,SaT1,0.5,False,7,FF22
S02,JOS000,P1,G3fine_r36,SaT1,0.1,False,7,FF22
S02,MUL279,P1,G3fine_r36,SaT1,0.1,False,7,FF22
S02,ORR360,P1,G3fine_r36,SaT1,0.1,False,7,FF22
S02,TCU036-E,P1,G3fine_r36,SaT1,0.1,False,7,FF22
S02,TCU109-N,P1,G3fine_r36,SaT1,0.2,False,7,FF22
S03,ARC000,P1,G3fine_r36,SaT1,0.5,False,7,FF22
S03,CHY059-N,P1,G3fine_r36,SaT1,0.4,False,7,FF22
S03,G03000,P1,G3fine_r36,SaT1,0.2,False,7,FF22
S03,HWA005-N,P1,G3fine_r36,SaT1,0.4,False,7,FF22
S03,HWA005-V,P1,G3fine_r36,SaT1,0.3,False,7,FF22
S03,JOS000,P1,G3fine_r36,SaT1,0.1,False,7,FF22
S03,MUL279,P1,G3fine_r36,SaT1,0.1,False,7,FF22
S03,ORR360,P1,G3fine_r36,SaT1,0.1,False,7,FF22
S03,TCU036-E,P1,G3fine_r36,SaT1,0.3,False,7,FF22
S03,TCU109-N,P1,G3fine_r36,SaT1,0.2,False,7,FF22
S04,ARC000,P1,G3fine_r36,SaT1,0.4,False,7,FF22
S04,CHY059-N,P1,G3fine_r36,SaT1,0.3,False,7,FF22
S04,G03000,P1,G3fine_r36,SaT1,0.2,False,7,FF22
S04,HWA005-N,P1,G3fine_r36,SaT1,0.2,False,7,FF22
S04,HWA005-V,P1,G3fine_r36,SaT1,0.3,False,7,FF22
S04,JOS000,P1,G3fine_r36,SaT1,0.1,False,7,FF22
S04,MUL279,P1,G3fine_r36,SaT1,0.1,False,7,FF22
S04,ORR360,P1,G3fine_r36,SaT1,0.1,False,7,FF22
S04,TCU036-E,P1,G3fine_r36,SaT1,0.2,False,7,FF22
S04,TCU109-N,P1,G3fine_r36,SaT1,0.1,False,7,FF22
S05,ARC000,P1,G3fine_r36,SaT1,0.5,False,7,FF22
S05,CHY059-N,P1,G3fine_r36,SaT1,0.6,False,7,FF22
S05,G03000,P1,G3fine_r36,SaT1,0.2,False,7,FF22
S05,HWA005-N,P1,G3fine_r36,SaT1,0.3,False,7,FF22
S05,HWA005-V,P1,G3fine_r36,SaT1,0.5,False,7,FF22
S05,JOS000,P1,G3fine_r36,SaT1,0.2,False,7,FF22
S05,MUL279,P1,G3fine_r36,SaT1,0.1,False,7,FF22
S05,ORR360,P1,G3fine_r36,SaT1,0.1,False,7,FF22
S05,TCU036-E,P1,G3fine_r36,SaT1,0.5,False,7,FF22
S05,TCU109-N,P1,G3fine_r36,SaT1,0.2,False,7,FF22
S01,21081090,P1,G3fine_r36,SaT1,0.2,False,7,FFext
S01,A-ELC180,P1,G3fine_r36,SaT1,0.4,False,7,FFext
S01,CHY006-W,P1,G3fine_r36,SaT1,0.1,False,7,FFext
S01,CHY101-V,P1,G3fine_r36,SaT1,0.2,False,7,FFext
S01,G03090,P1,G3fine_r36,SaT1,0.2,False,7,FFext
S01,KAK000,P1,G3fine_r36,SaT1,0.3,False,7,FFext
S01,PEL090,P1,G3fine_r36,SaT1,0.3,False,7,FFext
S01,TCU039-N,P1,G3fine_r36,SaT1,0.1,False,7,FFext
S01,TCU039-V,P1,G3fine_r36,SaT1,0.4,False,7,FFext
S01,YER360,P1,G3fine_r36,SaT1,0.2,False,7,FFext
S02,21081090,P1,G3fine_r36,SaT1,0.3,False,7,FFext
S02,A-ELC180,P1,G3fine_r36,SaT1,0.5,False,7,FFext
S02,CHY006-W,P1,G3fine_r36,SaT1,0.1,False,7,FFext
S02,CHY101-V,P1,G3fine_r36,SaT1,0.2,False,7,FFext
S02,G03090,P1,G3fine_r36,SaT1,0.2,False,7,FFext
S02,KAK000,P1,G3fine_r36,SaT1,0.4,False,7,FFext
S02,PEL090,P1,G3fine_r36,SaT1,0.4,False,7,FFext
S02,TCU039-N,P1,G3fine_r36,SaT1,0.3,False,7,FFext
S02,TCU039-V,P1,G3fine_r36,SaT1,0.4,False,7,FFext
S02,YER360,P1,G3fine_r36,SaT1,0.2,False,7,FFext
S03,21081090,P1,G3fine_r36,SaT1,0.4,False,7,FFext
S03,A-ELC180,P1,G3fine_r36,SaT1,0.4,False,7,FFext
S03,CHY006-W,P1,G3fine_r36,SaT1,0.1,False,7,FFext
S03,CHY101-V,P1,G3fine_r36,SaT1,0.5,False,7,FFext
S03,G03090,P1,G3fine_r36,SaT1,0.2,False,7,FFext
S03,KAK000,P1,G3fine_r36,SaT1,0.3,False,7,FFext
S03,PEL090,P1,G3fine_r36,SaT1,0.6,False,7,FFext
S03,TCU039-N,P1,G3fine_r36,SaT1,0.2,False,7,FFext
S03,TCU039-V,P1,G3fine_r36,SaT1,0.6,False,7,FFext
S03,YER360,P1,G3fine_r36,SaT1,0.3,False,7,FFext
S04,21081090,P1,G3fine_r36,SaT1,0.2,False,7,FFext
S04,A-ELC180,P1,G3fine_r36,SaT1,0.2,False,7,FFext
S04,CHY006-W,P1,G3fine_r36,SaT1,0.1,False,7,FFext
S04,CHY101-V,P1,G3fine_r36,SaT1,0.2,False,7,FFext
S04,G03090,P1,G3fine_r36,SaT1,0.1,False,7,FFext
S04,KAK000,P1,G3fine_r36,SaT1,0.1,False,7,FFext
S04,PEL090,P1,G3fine_r36,SaT1,0.2,False,7,FFext
S04,TCU039-N,P1,G3fine_r36,SaT1,0.1,False,7,FFext
S04,TCU039-V,P1,G3fine_r36,SaT1,0.2,False,7,FFext
S04,YER360,P1,G3fine_r36,SaT1,0.2,False,7,FFext
S05,21081090,P1,G3fine_r36,SaT1,0.5,False,7,FFext
S05,A-ELC180,P1,G3fine_r36,SaT1,0.3,False,7,FFext
S05,CHY006-W,P1,G3fine_r36,SaT1,0.1,False,7,FFext
S05,CHY101-V,P1,G3fine_r36,SaT1,0.5,False,7,FFext
S05,G03090,P1,G3fine_r36,SaT1,0.3,False,7,FFext
S05,KAK000,P1,G3fine_r36,SaT1,0.3,False,7,FFext
S05,PEL090,P1,G3fine_r36,SaT1,0.7,False,7,FFext
S05,TCU039-N,P1,G3fine_r36,SaT1,0.2,False,7,FFext
S05,TCU039-V,P1,G3fine_r36,SaT1,0.7,False,7,FFext
S05,YER360,P1,G3fine_r36,SaT1,0.3,False,7,FFext
S01,NF8201262,P1,G3fine_r36,SaT1,0.1,False,7,NF28
S01,NF8202922,P1,G3fine_r36,SaT1,0.1,False,7,NF28
S01,NF8204952,P1,G3fine_r36,SaT1,0.2,False,7,NF28
S01,NF8207532,P1,G3fine_r36,SaT1,0.1,False,7,NF28
S01,NF8208022,P1,G3fine_r36,SaT1,0.2,False,7,NF28
S01,NF8208282,P1,G3fine_r36,SaT1,0.1,False,7,NF28
S01,NF8208792,P1,G3fine_r36,SaT1,0.2,False,7,NF28
S01,NF8210482,P1,G3fine_r36,SaT1,0.1,False,7,NF28
S01,NF8215041,P1,G3fine_r36,SaT1,0.1,False,7,NF28
S01,NF8221141,P1,G3fine_r36,SaT1,0.1,False,7,NF28
S02,NF8201262,P1,G3fine_r36,SaT1,0.1,False,7,NF28
S02,NF8202922,P1,G3fine_r36,SaT1,0.2,False,7,NF28
S02,NF8204952,P1,G3fine_r36,SaT1,0.1,False,7,NF28
S02,NF8207532,P1,G3fine_r36,SaT1,0.1,False,7,NF28
S02,NF8208022,P1,G3fine_r36,SaT1,0.2,False,7,NF28
S02,NF8208282,P1,G3fine_r36,SaT1,0.1,False,7,NF28
S02,NF8208792,P1,G3fine_r36,SaT1,0.2,False,7,NF28
S02,NF8210482,P1,G3fine_r36,SaT1,0.1,False,7,NF28
S02,NF8215041,P1,G3fine_r36,SaT1,0.1,False,7,NF28
S02,NF8221141,P1,G3fine_r36,SaT1,0.2,False,7,NF28
S03,NF8201262,P1,G3fine_r36,SaT1,0.2,False,7,NF28
S03,NF8202922,P1,G3fine_r36,SaT1,0.2,False,7,NF28
S03,NF8204952,P1,G3fine_r36,SaT1,0.2,False,7,NF28
S03,NF8207532,P1,G3fine_r36,SaT1,0.2,False,7,NF28
S03,NF8208022,P1,G3fine_r36,SaT1,0.2,False,7,NF28
S03,NF8208282,P1,G3fine_r36,SaT1,0.1,False,7,NF28
S03,NF8208792,P1,G3fine_r36,SaT1,0.3,False,7,NF28
S03,NF8210482,P1,G3fine_r36,SaT1,0.2,False,7,NF28
S03,NF8215041,P1,G3fine_r36,SaT1,0.1,False,7,NF28
S03,NF8221141,P1,G3fine_r36,SaT1,0.2,False,7,NF28
S04,NF8201262,P1,G3fine_r36,SaT1,0.1,False,7,NF28
S04,NF8202922,P1,G3fine_r36,SaT1,0.1,False,7,NF28
S04,NF8204952,P1,G3fine_r36,SaT1,0.2,False,7,NF28
S04,NF8207532,P1,G3fine_r36,SaT1,0.1,False,7,NF28
S04,NF8208022,P1,G3fine_r36,SaT1,0.1,False,7,NF28
S04,NF8208282,P1,G3fine_r36,SaT1,0.1,False,7,NF28
S04,NF8208792,P1,G3fine_r36,SaT1,0.1,False,7,NF28
S04,NF8210482,P1,G3fine_r36,SaT1,0.1,False,7,NF28
S04,NF8215041,P1,G3fine_r36,SaT1,0.1,False,7,NF28
S04,NF8221141,P1,G3fine_r36,SaT1,0.1,False,7,NF28
S05,NF8201262,P1,G3fine_r36,SaT1,0.2,False,7,NF28
S05,NF8202922,P1,G3fine_r36,SaT1,0.2,False,7,NF28
S05,NF8204952,P1,G3fine_r36,SaT1,0.2,False,7,NF28
S05,NF8207532,P1,G3fine_r36,SaT1,0.2,False,7,NF28
S05,NF8208022,P1,G3fine_r36,SaT1,0.3,False,7,NF28
S05,NF8208282,P1,G3fine_r36,SaT1,0.1,False,7,NF28
S05,NF8208792,P1,G3fine_r36,SaT1,0.4,False,7,NF28
S05,NF8210482,P1,G3fine_r36,SaT1,0.2,False,7,NF28
S05,NF8215041,P1,G3fine_r36,SaT1,0.1,False,7,NF28
S05,NF8221141,P1,G3fine_r36,SaT1,0.2,False,7,NF28
S01,B-WSM180,P1,G3fine_r36,SaT1,0.1,False,8,FF22
S01,CHY104-W,P1,G3fine_r36,SaT1,0.2,False,8,FF22
S01,CLW-TR,P1,G3fine_r36,SaT1,0.1,False,8,FF22
S01,G03090,P1,G3fine_r36,SaT1,0.2,False,8,FF22
S01,HECVER,P1,G3fine_r36,SaT1,0.2,False,8,FF22
S01,ILA036-N,P1,G3fine_r36,SaT1,0.3,False,8,FF22
S01,MUL009,P1,G3fine_r36,SaT1,0.1,False,8,FF22
S01,TAP012-N,P1,G3fine_r36,SaT1,0.3,False,8,FF22
S01,TCU036-E,P1,G3fine_r36,SaT1,0.2,False,8,FF22
S01,TCU070-E,P1,G3fine_r36,SaT1,0.1,False,8,FF22
S02,B-WSM180,P1,G3fine_r36,SaT1,0.1,False,8,FF22
S02,CHY104-W,P1,G3fine_r36,SaT1,0.1,False,8,FF22
S02,CLW-TR,P1,G3fine_r36,SaT1,0.1,False,8,FF22
S02,G03090,P1,G3fine_r36,SaT1,0.2,False,8,FF22
S02,HECVER,P1,G3fine_r36,SaT1,0.3,False,8,FF22
S02,ILA036-N,P1,G3fine_r36,SaT1,0.4,False,8,FF22
S02,MUL009,P1,G3fine_r36,SaT1,0.1,False,8,FF22
S02,TAP012-N,P1,G3fine_r36,SaT1,0.3,False,8,FF22
S02,TCU036-E,P1,G3fine_r36,SaT1,0.1,False,8,FF22
S02,TCU070-E,P1,G3fine_r36,SaT1,0.1,False,8,FF22
S03,B-WSM180,P1,G3fine_r36,SaT1,0.1,False,8,FF22
S03,CHY104-W,P1,G3fine_r36,SaT1,0.2,False,8,FF22
S03,CLW-TR,P1,G3fine_r36,SaT1,0.1,False,8,FF22
S03,G03090,P1,G3fine_r36,SaT1,0.2,False,8,FF22
S03,HECVER,P1,G3fine_r36,SaT1,0.5,False,8,FF22
S03,ILA036-N,P1,G3fine_r36,SaT1,0.4,False,8,FF22
S03,MUL009,P1,G3fine_r36,SaT1,0.2,False,8,FF22
S03,TAP012-N,P1,G3fine_r36,SaT1,0.2,False,8,FF22
S03,TCU036-E,P1,G3fine_r36,SaT1,0.3,False,8,FF22
S03,TCU070-E,P1,G3fine_r36,SaT1,0.1,False,8,FF22
S04,B-WSM180,P1,G3fine_r36,SaT1,0.1,False,8,FF22
S04,CHY104-W,P1,G3fine_r36,SaT1,0.1,False,8,FF22
S04,CLW-TR,P1,G3fine_r36,SaT1,0.2,False,8,FF22
S04,G03090,P1,G3fine_r36,SaT1,0.1,False,8,FF22
S04,HECVER,P1,G3fine_r36,SaT1,0.4,False,8,FF22
S04,ILA036-N,P1,G3fine_r36,SaT1,0.2,False,8,FF22
S04,MUL009,P1,G3fine_r36,SaT1,0.1,False,8,FF22
S04,TAP012-N,P1,G3fine_r36,SaT1,0.2,False,8,FF22
S04,TCU036-E,P1,G3fine_r36,SaT1,0.2,False,8,FF22
S04,TCU070-E,P1,G3fine_r36,SaT1,0.1,False,8,FF22
S05,B-WSM180,P1,G3fine_r36,SaT1,0.2,False,8,FF22
S05,CHY104-W,P1,G3fine_r36,SaT1,0.2,False,8,FF22
S05,CLW-TR,P1,G3fine_r36,SaT1,0.1,False,8,FF22
S05,G03090,P1,G3fine_r36,SaT1,0.3,False,8,FF22
S05,HECVER,P1,G3fine_r36,SaT1,0.5,False,8,FF22
S05,ILA036-N,P1,G3fine_r36,SaT1,0.3,False,8,FF22
S05,MUL009,P1,G3fine_r36,SaT1,0.2,False,8,FF22
S05,TAP012-N,P1,G3fine_r36,SaT1,0.2,False,8,FF22
S05,TCU036-E,P1,G3fine_r36,SaT1,0.5,False,8,FF22
S05,TCU070-E,P1,G3fine_r36,SaT1,0.1,False,8,FF22
S01,059v2009,P1,G3fine_r36,SaT1,0.3,False,8,FFext
S01,184327,P1,G3fine_r36,SaT1,0.1,False,8,FFext
S01,ABBAR--L,P1,G3fine_r36,SaT1,0.2,False,8,FFext
S01,CHY059-V,P1,G3fine_r36,SaT1,0.8,False,8,FFext
S01,ILA027-V,P1,G3fine_r36,SaT1,0.8,False,8,FFext
S01,ILA036-N,P1,G3fine_r36,SaT1,0.3,False,8,FFext
S01,ORR360,P1,G3fine_r36,SaT1,0.1,False,8,FFext
S01,TAP006-N,P1,G3fine_r36,SaT1,0.1,False,8,FFext
S01,TCU070-V,P1,G3fine_r36,SaT1,0.2,False,8,FFext
S01,TCU117-N,P1,G3fine_r36,SaT1,0.2,False,8,FFext
S02,059v2009,P1,G3fine_r36,SaT1,0.3,False,8,FFext
S02,184327,P1,G3fine_r36,SaT1,0.2,False,8,FFext
S02,ABBAR--L,P1,G3fine_r36,SaT1,0.1,False,8,FFext
S02,CHY059-V,P1,G3fine_r36,SaT1,1.0,False,8,FFext
S02,ILA027-V,P1,G3fine_r36,SaT1,1.2,False,8,FFext
S02,ILA036-N,P1,G3fine_r36,SaT1,0.4,False,8,FFext
S02,ORR360,P1,G3fine_r36,SaT1,0.1,False,8,FFext
S02,TAP006-N,P1,G3fine_r36,SaT1,0.2,False,8,FFext
S02,TCU070-V,P1,G3fine_r36,SaT1,0.3,False,8,FFext
S02,TCU117-N,P1,G3fine_r36,SaT1,0.2,False,8,FFext
S03,059v2009,P1,G3fine_r36,SaT1,0.3,False,8,FFext
S03,184327,P1,G3fine_r36,SaT1,0.2,False,8,FFext
S03,ABBAR--L,P1,G3fine_r36,SaT1,0.1,False,8,FFext
S03,CHY059-V,P1,G3fine_r36,SaT1,1.1,False,8,FFext
S03,ILA027-V,P1,G3fine_r36,SaT1,0.9,False,8,FFext
S03,ILA036-N,P1,G3fine_r36,SaT1,0.4,False,8,FFext
S03,ORR360,P1,G3fine_r36,SaT1,0.1,False,8,FFext
S03,TAP006-N,P1,G3fine_r36,SaT1,0.3,False,8,FFext
S03,TCU070-V,P1,G3fine_r36,SaT1,0.4,False,8,FFext
S03,TCU117-N,P1,G3fine_r36,SaT1,0.2,False,8,FFext
S04,059v2009,P1,G3fine_r36,SaT1,0.3,False,8,FFext
S04,184327,P1,G3fine_r36,SaT1,0.2,False,8,FFext
S04,ABBAR--L,P1,G3fine_r36,SaT1,0.2,False,8,FFext
S04,CHY059-V,P1,G3fine_r36,SaT1,0.5,False,8,FFext
S04,ILA027-V,P1,G3fine_r36,SaT1,0.9,False,8,FFext
S04,ILA036-N,P1,G3fine_r36,SaT1,0.2,False,8,FFext
S04,ORR360,P1,G3fine_r36,SaT1,0.1,False,8,FFext
S04,TAP006-N,P1,G3fine_r36,SaT1,0.1,False,8,FFext
S04,TCU070-V,P1,G3fine_r36,SaT1,0.2,False,8,FFext
S04,TCU117-N,P1,G3fine_r36,SaT1,0.1,False,8,FFext
S05,059v2009,P1,G3fine_r36,SaT1,0.4,False,8,FFext
S05,184327,P1,G3fine_r36,SaT1,0.2,False,8,FFext
S05,ABBAR--L,P1,G3fine_r36,SaT1,0.2,False,8,FFext
S05,CHY059-V,P1,G3fine_r36,SaT1,0.9,False,8,FFext
S05,ILA027-V,P1,G3fine_r36,SaT1,1.1,False,8,FFext
S05,ILA036-N,P1,G3fine_r36,SaT1,0.3,False,8,FFext
S05,ORR360,P1,G3fine_r36,SaT1,0.1,False,8,FFext
S05,TAP006-N,P1,G3fine_r36,SaT1,0.4,False,8,FFext
S05,TCU070-V,P1,G3fine_r36,SaT1,0.4,False,8,FFext
S05,TCU117-N,P1,G3fine_r36,SaT1,0.2,False,8,FFext
S01,NF8201262,P1,G3fine_r36,SaT1,0.1,False,8,NF28
S01,NF8201651,P1,G3fine_r36,SaT1,0.1,False,8,NF28
S01,NF8207411,P1,G3fine_r36,SaT1,0.2,False,8,NF28
S01,NF8207532,P1,G3fine_r36,SaT1,0.1,False,8,NF28
S01,NF8208022,P1,G3fine_r36,SaT1,0.2,False,8,NF28
S01,NF8208211,P1,G3fine_r36,SaT1,0.1,False,8,NF28
S01,NF8208282,P1,G3fine_r36,SaT1,0.1,False,8,NF28
S01,NF8210861,P1,G3fine_r36,SaT1,0.1,False,8,NF28
S01,NF8215031,P1,G3fine_r36,SaT1,0.1,False,8,NF28
S01,NF8215041,P1,G3fine_r36,SaT1,0.1,False,8,NF28
S02,NF8201262,P1,G3fine_r36,SaT1,0.1,False,8,NF28
S02,NF8201651,P1,G3fine_r36,SaT1,0.1,False,8,NF28
S02,NF8207411,P1,G3fine_r36,SaT1,0.1,False,8,NF28
S02,NF8207532,P1,G3fine_r36,SaT1,0.1,False,8,NF28
S02,NF8208022,P1,G3fine_r36,SaT1,0.2,False,8,NF28
S02,NF8208211,P1,G3fine_r36,SaT1,0.1,False,8,NF28
S02,NF8208282,P1,G3fine_r36,SaT1,0.1,False,8,NF28
S02,NF8210861,P1,G3fine_r36,SaT1,0.1,False,8,NF28
S02,NF8215031,P1,G3fine_r36,SaT1,0.1,False,8,NF28
S02,NF8215041,P1,G3fine_r36,SaT1,0.1,False,8,NF28
S03,NF8201262,P1,G3fine_r36,SaT1,0.2,False,8,NF28
S03,NF8201651,P1,G3fine_r36,SaT1,0.1,False,8,NF28
S03,NF8207411,P1,G3fine_r36,SaT1,0.2,False,8,NF28
S03,NF8207532,P1,G3fine_r36,SaT1,0.2,False,8,NF28
S03,NF8208022,P1,G3fine_r36,SaT1,0.2,False,8,NF28
S03,NF8208211,P1,G3fine_r36,SaT1,0.1,False,8,NF28
S03,NF8208282,P1,G3fine_r36,SaT1,0.1,False,8,NF28
S03,NF8210861,P1,G3fine_r36,SaT1,0.2,False,8,NF28
S03,NF8215031,P1,G3fine_r36,SaT1,0.1,False,8,NF28
S03,NF8215041,P1,G3fine_r36,SaT1,0.1,False,8,NF28
S04,NF8201262,P1,G3fine_r36,SaT1,0.1,False,8,NF28
S04,NF8201651,P1,G3fine_r36,SaT1,0.1,False,8,NF28
S04,NF8207411,P1,G3fine_r36,SaT1,0.1,False,8,NF28
S04,NF8207532,P1,G3fine_r36,SaT1,0.1,False,8,NF28
S04,NF8208022,P1,G3fine_r36,SaT1,0.1,False,8,NF28
S04,NF8208211,P1,G3fine_r36,SaT1,0.1,False,8,NF28
S04,NF8208282,P1,G3fine_r36,SaT1,0.1,False,8,NF28
S04,NF8210861,P1,G3fine_r36,SaT1,0.1,False,8,NF28
S04,NF8215031,P1,G3fine_r36,SaT1,0.1,False,8,NF28
S04,NF8215041,P1,G3fine_r36,SaT1,0.1,False,8,NF28
S05,NF8201262,P1,G3fine_r36,SaT1,0.2,False,8,NF28
S05,NF8201651,P1,G3fine_r36,SaT1,0.2,False,8,NF28
S05,NF8207411,P1,G3fine_r36,SaT1,0.2,False,8,NF28
S05,NF8207532,P1,G3fine_r36,SaT1,0.2,False,8,NF28
S05,NF8208022,P1,G3fine_r36,SaT1,0.3,False,8,NF28
S05,NF8208211,P1,G3fine_r36,SaT1,0.1,False,8,NF28
S05,NF8208282,P1,G3fine_r36,SaT1,0.1,False,8,NF28
S05,NF8210861,P1,G3fine_r36,SaT1,0.2,False,8,NF28
S05,NF8215031,P1,G3fine_r36,SaT1,0.1,False,8,NF28
S05,NF8215041,P1,G3fine_r36,SaT1,0.1,False,8,NF28
S01,DZC180,P1,G3fine_r36,SaT1,0.1,False,9,FF22
S01,G03000,P1,G3fine_r36,SaT1,0.1,False,9,FF22
S01,H-DLT352,P1,G3fine_r36,SaT1,0.1,False,9,FF22
S01,HSP000,P1,G3fine_r36,SaT1,0.1,False,9,FF22
S01,ILA027-E,P1,G3fine_r36,SaT1,0.4,False,9,FF22
S01,LOS000,P1,G3fine_r36,SaT1,0.2,False,9,FF22
S01,TAP100-N,P1,G3fine_r36,SaT1,0.2,False,9,FF22
S01,TCU109-V,P1,G3fine_r36,SaT1,0.3,False,9,FF22
S01,TCU128-N,P1,G3fine_r36,SaT1,0.1,False,9,FF22
S01,YER360,P1,G3fine_r36,SaT1,0.2,False,9,FF22
S02,DZC180,P1,G3fine_r36,SaT1,0.1,False,9,FF22
S02,G03000,P1,G3fine_r36,SaT1,0.2,False,9,FF22
S02,H-DLT352,P1,G3fine_r36,SaT1,0.1,False,9,FF22
S02,HSP000,P1,G3fine_r36,SaT1,0.1,False,9,FF22
S02,ILA027-E,P1,G3fine_r36,SaT1,0.4,False,9,FF22
S02,LOS000,P1,G3fine_r36,SaT1,0.2,False,9,FF22
S02,TAP100-N,P1,G3fine_r36,SaT1,0.3,False,9,FF22
S02,TCU109-V,P1,G3fine_r36,SaT1,0.3,False,9,FF22
S02,TCU128-N,P1,G3fine_r36,SaT1,0.1,False,9,FF22
S02,YER360,P1,G3fine_r36,SaT1,0.2,False,9,FF22
S03,DZC180,P1,G3fine_r36,SaT1,0.2,False,9,FF22
S03,G03000,P1,G3fine_r36,SaT1,0.2,False,9,FF22
S03,H-DLT352,P1,G3fine_r36,SaT1,0.1,False,9,FF22
S03,HSP000,P1,G3fine_r36,SaT1,0.1,False,9,FF22
S03,ILA027-E,P1,G3fine_r36,SaT1,0.4,False,9,FF22
S03,LOS000,P1,G3fine_r36,SaT1,0.2,False,9,FF22
S03,TAP100-N,P1,G3fine_r36,SaT1,0.3,False,9,FF22
S03,TCU109-V,P1,G3fine_r36,SaT1,0.5,False,9,FF22
S03,TCU128-N,P1,G3fine_r36,SaT1,0.3,False,9,FF22
S03,YER360,P1,G3fine_r36,SaT1,0.3,False,9,FF22
S04,DZC180,P1,G3fine_r36,SaT1,0.1,False,9,FF22
S04,G03000,P1,G3fine_r36,SaT1,0.2,False,9,FF22
S04,H-DLT352,P1,G3fine_r36,SaT1,0.1,False,9,FF22
S04,HSP000,P1,G3fine_r36,SaT1,0.1,False,9,FF22
S04,ILA027-E,P1,G3fine_r36,SaT1,0.2,False,9,FF22
S04,LOS000,P1,G3fine_r36,SaT1,0.2,False,9,FF22
S04,TAP100-N,P1,G3fine_r36,SaT1,0.2,False,9,FF22
S04,TCU109-V,P1,G3fine_r36,SaT1,0.3,False,9,FF22
S04,TCU128-N,P1,G3fine_r36,SaT1,0.1,False,9,FF22
S04,YER360,P1,G3fine_r36,SaT1,0.2,False,9,FF22
S05,DZC180,P1,G3fine_r36,SaT1,0.2,False,9,FF22
S05,G03000,P1,G3fine_r36,SaT1,0.2,False,9,FF22
S05,H-DLT352,P1,G3fine_r36,SaT1,0.2,False,9,FF22
S05,HSP000,P1,G3fine_r36,SaT1,0.2,False,9,FF22
S05,ILA027-E,P1,G3fine_r36,SaT1,0.3,False,9,FF22
S05,LOS000,P1,G3fine_r36,SaT1,0.2,False,9,FF22
S05,TAP100-N,P1,G3fine_r36,SaT1,0.2,False,9,FF22
S05,TCU109-V,P1,G3fine_r36,SaT1,0.4,False,9,FF22
S05,TCU128-N,P1,G3fine_r36,SaT1,0.3,False,9,FF22
S05,YER360,P1,G3fine_r36,SaT1,0.3,False,9,FF22
S01,CH10270,P1,G3fine_r36,SaT1,0.1,False,9,FFext
S01,CHY006-V,P1,G3fine_r36,SaT1,0.2,False,9,FFext
S01,CHY059-V,P1,G3fine_r36,SaT1,0.8,False,9,FFext
S01,H-DLT352,P1,G3fine_r36,SaT1,0.1,False,9,FFext
S01,HCH090,P1,G3fine_r36,SaT1,0.1,False,9,FFext
S01,MUL279,P1,G3fine_r36,SaT1,0.1,False,9,FFext
S01,STN020,P1,G3fine_r36,SaT1,0.2,False,9,FFext
S01,TCU025-N,P1,G3fine_r36,SaT1,0.7,False,9,FFext
S01,TCU039-V,P1,G3fine_r36,SaT1,0.4,False,9,FFext
S01,TCU095-E,P1,G3fine_r36,SaT1,0.1,False,9,FFext
S02,CH10270,P1,G3fine_r36,SaT1,0.1,False,9,FFext
S02,CHY006-V,P1,G3fine_r36,SaT1,0.4,False,9,FFext
S02,CHY059-V,P1,G3fine_r36,SaT1,1.0,False,9,FFext
S02,H-DLT352,P1,G3fine_r36,SaT1,0.1,False,9,FFext
S02,HCH090,P1,G3fine_r36,SaT1,0.1,False,9,FFext
S02,MUL279,P1,G3fine_r36,SaT1,0.1,False,9,FFext
S02,STN020,P1,G3fine_r36,SaT1,0.2,False,9,FFext
S02,TCU025-N,P1,G3fine_r36,SaT1,0.5,False,9,FFext
S02,TCU039-V,P1,G3fine_r36,SaT1,0.4,False,9,FFext
S02,TCU095-E,P1,G3fine_r36,SaT1,0.1,False,9,FFext
S03,CH10270,P1,G3fine_r36,SaT1,0.1,False,9,FFext
S03,CHY006-V,P1,G3fine_r36,SaT1,0.2,False,9,FFext
S03,CHY059-V,P1,G3fine_r36,SaT1,1.1,False,9,FFext
S03,H-DLT352,P1,G3fine_r36,SaT1,0.1,False,9,FFext
S03,HCH090,P1,G3fine_r36,SaT1,0.2,False,9,FFext
S03,MUL279,P1,G3fine_r36,SaT1,0.1,False,9,FFext
S03,STN020,P1,G3fine_r36,SaT1,0.2,False,9,FFext
S03,TCU025-N,P1,G3fine_r36,SaT1,0.4,False,9,FFext
S03,TCU039-V,P1,G3fine_r36,SaT1,0.6,False,9,FFext
S03,TCU095-E,P1,G3fine_r36,SaT1,0.3,False,9,FFext
S04,CH10270,P1,G3fine_r36,SaT1,0.1,False,9,FFext
S04,CHY006-V,P1,G3fine_r36,SaT1,0.1,False,9,FFext
S04,CHY059-V,P1,G3fine_r36,SaT1,0.5,False,9,FFext
S04,H-DLT352,P1,G3fine_r36,SaT1,0.1,False,9,FFext
S04,HCH090,P1,G3fine_r36,SaT1,0.1,False,9,FFext
S04,MUL279,P1,G3fine_r36,SaT1,0.1,False,9,FFext
S04,STN020,P1,G3fine_r36,SaT1,0.1,False,9,FFext
S04,TCU025-N,P1,G3fine_r36,SaT1,0.4,False,9,FFext
S04,TCU039-V,P1,G3fine_r36,SaT1,0.2,False,9,FFext
S04,TCU095-E,P1,G3fine_r36,SaT1,0.1,False,9,FFext
S05,CH10270,P1,G3fine_r36,SaT1,0.2,False,9,FFext
S05,CHY006-V,P1,G3fine_r36,SaT1,0.3,False,9,FFext
S05,CHY059-V,P1,G3fine_r36,SaT1,0.9,False,9,FFext
S05,H-DLT352,P1,G3fine_r36,SaT1,0.2,False,9,FFext
S05,HCH090,P1,G3fine_r36,SaT1,0.2,False,9,FFext
S05,MUL279,P1,G3fine_r36,SaT1,0.1,False,9,FFext
S05,STN020,P1,G3fine_r36,SaT1,0.2,False,9,FFext
S05,TCU025-N,P1,G3fine_r36,SaT1,0.4,False,9,FFext
S05,TCU039-V,P1,G3fine_r36,SaT1,0.7,False,9,FFext
S05,TCU095-E,P1,G3fine_r36,SaT1,0.3,False,9,FFext
S01,NF8201601,P1,G3fine_r36,SaT1,0.1,False,9,NF28
S01,NF8201651,P1,G3fine_r36,SaT1,0.1,False,9,NF28
S01,NF8204952,P1,G3fine_r36,SaT1,0.2,False,9,NF28
S01,NF8204961,P1,G3fine_r36,SaT1,0.3,False,9,NF28
S01,NF8207532,P1,G3fine_r36,SaT1,0.1,False,9,NF28
S01,NF8210041,P1,G3fine_r36,SaT1,0.1,False,9,NF28
S01,NF8210482,P1,G3fine_r36,SaT1,0.1,False,9,NF28
S01,NF8215031,P1,G3fine_r36,SaT1,0.1,False,9,NF28
S01,NF8215291,P1,G3fine_r36,SaT1,0.2,False,9,NF28
S01,NF8221141,P1,G3fine_r36,SaT1,0.1,False,9,NF28
S02,NF8201601,P1,G3fine_r36,SaT1,0.1,False,9,NF28
S02,NF8201651,P1,G3fine_r36,SaT1,0.1,False,9,NF28
S02,NF8204952,P1,G3fine_r36,SaT1,0.1,False,9,NF28
S02,NF8204961,P1,G3fine_r36,SaT1,0.3,False,9,NF28
S02,NF8207532,P1,G3fine_r36,SaT1,0.1,False,9,NF28
S02,NF8210041,P1,G3fine_r36,SaT1,0.1,False,9,NF28
S02,NF8210482,P1,G3fine_r36,SaT1,0.1,False,9,NF28
S02,NF8215031,P1,G3fine_r36,SaT1,0.1,False,9,NF28
S02,NF8215291,P1,G3fine_r36,SaT1,0.1,False,9,NF28
S02,NF8221141,P1,G3fine_r36,SaT1,0.2,False,9,NF28
S03,NF8201601,P1,G3fine_r36,SaT1,0.1,False,9,NF28
S03,NF8201651,P1,G3fine_r36,SaT1,0.1,False,9,NF28
S03,NF8204952,P1,G3fine_r36,SaT1,0.2,False,9,NF28
S03,NF8204961,P1,G3fine_r36,SaT1,0.2,False,9,NF28
S03,NF8207532,P1,G3fine_r36,SaT1,0.2,False,9,NF28
S03,NF8210041,P1,G3fine_r36,SaT1,0.1,False,9,NF28
S03,NF8210482,P1,G3fine_r36,SaT1,0.2,False,9,NF28
S03,NF8215031,P1,G3fine_r36,SaT1,0.1,False,9,NF28
S03,NF8215291,P1,G3fine_r36,SaT1,0.1,False,9,NF28
S03,NF8221141,P1,G3fine_r36,SaT1,0.2,False,9,NF28
S04,NF8201601,P1,G3fine_r36,SaT1,0.1,False,9,NF28
S04,NF8201651,P1,G3fine_r36,SaT1,0.1,False,9,NF28
S04,NF8204952,P1,G3fine_r36,SaT1,0.2,False,9,NF28
S04,NF8204961,P1,G3fine_r36,SaT1,0.2,False,9,NF28
S04,NF8207532,P1,G3fine_r36,SaT1,0.1,False,9,NF28
S04,NF8210041,P1,G3fine_r36,SaT1,0.1,False,9,NF28
S04,NF8210482,P1,G3fine_r36,SaT1,0.1,False,9,NF28
S04,NF8215031,P1,G3fine_r36,SaT1,0.1,False,9,NF28
S04,NF8215291,P1,G3fine_r36,SaT1,0.1,False,9,NF28
S04,NF8221141,P1,G3fine_r36,SaT1,0.1,False,9,NF28
S05,NF8201601,P1,G3fine_r36,SaT1,0.1,False,9,NF28
S05,NF8201651,P1,G3fine_r36,SaT1,0.2,False,9,NF28
S05,NF8204952,P1,G3fine_r36,SaT1,0.2,False,9,NF28
S05,NF8204961,P1,G3fine_r36,SaT1,0.2,False,9,NF28
S05,NF8207532,P1,G3fine_r36,SaT1,0.2,False,9,NF28
S05,NF8210041,P1,G3fine_r36,SaT1,0.1,False,9,NF28
S05,NF8210482,P1,G3fine_r36,SaT1,0.2,False,9,NF28
S05,NF8215031,P1,G3fine_r36,SaT1,0.1,False,9,NF28
S05,NF8215291,P1,G3fine_r36,SaT1,0.2,False,9,NF28
S05,NF8221141,P1,G3fine_r36,SaT1,0.2,False,9,NF28
